153,186,0.5614648471418207,1.0
62,69,0.7130891179983141,0.0
1127,1245,0.4062468882114869,1.0
1043,1132,0.5812857077124847,1.0
454,530,0.4906523965411526,1.0
5,4,0.6625356554123458,1.0
1168,63,0.3866482199524375,0.0
1249,341,0.4339170348681331,0.0
866,923,0.5700369618177608,1.0
587,601,0.5268789434955551,1.0
470,536,0.5137054625681117,1.0
993,926,0.5487797943531291,0.0
991,927,0.4912916609304262,0.0
1088,927,0.5286704518368827,0.0
208,260,0.6555517766472239,1.0
664,715,0.5104900669879453,1.0
922,990,0.5879265539801892,0.0
1221,70,0.3753723247901232,0.0
51,50,0.6917830973902892,1.0
434,520,0.47643294305083017,1.0
765,840,0.44262954569885804,0.0
93,103,0.6230378768165905,1.0
32,25,0.7873237879272345,1.0
894,955,0.501322054458348,1.0
1116,1229,0.4845147930983784,1.0
608,617,0.4879047001005732,0.0
88,99,0.6044302349292552,1.0
118,136,0.5594396933410947,1.0
903,965,0.4685610474289456,1.0
481,536,0.5314825090949369,1.0
677,194,0.46117485371717176,0.0
147,173,0.5897241437233598,0.0
416,509,0.4881589527917315,1.0
783,860,0.5490730260696786,1.0
1242,1236,0.45460129645286296,0.0
1226,211,0.43405022967238427,0.0
1001,1073,0.5224027737529578,1.0
794,843,0.5160846389318604,0.0
1034,1123,0.5775712244465467,0.0
410,504,0.4791504239170743,0.0
578,580,0.5061469753989744,1.0
981,1195,0.5685593651155363,0.0
896,963,0.4938281710446727,1.0
351,432,0.597044893660029,1.0
591,600,0.529279083999065,1.0
278,370,0.5067487625747396,0.0
245,306,0.5585379574209062,1.0
43,46,0.7355299462080735,1.0
400,488,0.49075332536027605,1.0
107,124,0.6358601998936448,0.0
1159,59,0.4129553796442611,0.0
974,69,0.4971028722330477,0.0
749,805,0.5636300879188942,1.0
26,22,0.752334291485953,1.0
720,772,0.4249768706440707,1.0
959,1028,0.5558336838836551,1.0
1203,1248,0.3398128938083069,1.0
763,835,0.536106680785029,1.0
1112,1225,0.48142854458677264,1.0
711,59,0.4295170321554874,0.0
901,965,0.5088093663096558,1.0
213,265,0.5921375430539573,1.0
635,673,0.4377264897492057,0.0
887,949,0.5383045374079087,1.0
878,940,0.5494175678264535,1.0
843,904,0.6142785864338208,1.0
499,537,0.5579869777589845,0.0
845,906,0.58316890125394,1.0
573,576,0.5371061680111808,1.0
672,186,0.42890770654914934,0.0
789,927,0.522864626697156,0.0
1192,220,0.39488983958979673,0.0
133,155,0.5233852946228392,1.0
105,121,0.6020653457918065,0.0
69,78,0.59672169910762,1.0
260,328,0.49145830967718307,0.0
1047,1140,0.5313177877905493,1.0
209,261,0.6487757081652864,0.0
1038,1161,0.460433963212789,0.0
63,70,0.6830140277845893,0.0
816,232,0.4807696080375873,0.0
803,876,0.5251944371625428,1.0
701,766,0.45031062214632106,0.0
528,543,0.5794675095754986,0.0
7,0,0.6401456020740715,0.0
650,700,0.5286646052882849,0.0
449,530,0.48348360230531734,1.0
452,530,0.47645738890365824,1.0
915,927,0.4737669978373052,0.0
487,536,0.5329019780281303,1.0
979,927,0.5341899488207877,0.0
1162,68,0.37229438358333716,0.0
1072,927,0.6293379719151793,0.0
624,232,0.5028638222371138,0.0
840,901,0.581881234762298,1.0
1148,1248,0.41142143717656077,1.0
780,856,0.5650252346293358,0.0
1149,1249,0.40107367010070677,1.0
1191,220,0.3955642087023575,0.0
371,452,0.5592077774817232,1.0
146,171,0.5805043860447799,1.0
401,489,0.496990703692449,1.0
258,328,0.4607072733997178,0.0
291,358,0.544434188643206,1.0
341,423,0.5757498879038958,1.0
97,98,0.6127020062116191,0.0
265,331,0.5252832665177156,1.0
879,940,0.5744599815831173,1.0
834,1132,0.49820552514619115,0.0
918,931,0.5241060462313988,0.0
647,700,0.5278271192656373,0.0
375,460,0.5312694742548972,1.0
1209,1235,0.3560382223201458,1.0
1177,64,0.3668035552695877,0.0
166,204,0.6527387173531011,1.0
1032,1120,0.5570483949363814,0.0
300,370,0.5895576761343813,1.0
365,449,0.5402673976839607,1.0
1105,1214,0.4755675481236097,1.0
944,1014,0.5852661664829442,1.0
676,800,0.4774209297929354,0.0
363,446,0.5174951440691351,1.0
835,896,0.46605753728539745,0.0
189,234,0.5361693193560859,1.0
319,395,0.4912420738073226,1.0
842,903,0.6152870795773446,1.0
295,363,0.607959439848518,1.0
182,224,0.5844820451252715,1.0
656,700,0.5589414162100974,1.0
932,1001,0.5617549210619637,1.0
910,977,0.47881681983396573,1.0
288,358,0.5491442712973347,1.0
169,208,0.6160325590329886,1.0
1244,1236,0.4514193925898059,0.0
772,846,0.5483929604653754,1.0
1081,1183,0.5269752632265213,1.0
121,139,0.6039155776166554,1.0
877,933,0.5279897754872529,1.0
337,417,0.5925244475237034,0.0
322,395,0.4792720013148489,1.0
698,8,0.40946315901678665,0.0
856,915,0.5303703716594436,1.0
1087,926,0.4869603765303255,0.0
682,194,0.46716878537266004,0.0
28,23,0.7759579570729167,1.0
1061,1160,0.5190253277484083,1.0
945,1014,0.6041380522550093,1.0
952,1022,0.5860763259967547,1.0
195,245,0.6387183120786346,0.0
1210,1232,0.3585436341456981,1.0
1053,1147,0.4701398403692352,1.0
349,429,0.6368387507788292,1.0
519,540,0.5633587321590916,0.0
693,11,0.4818346883116211,0.0
1058,1154,0.5656878493592792,1.0
16,24,0.6362116556820168,1.0
1245,1236,0.4449383559647726,0.0
325,398,0.49934779593216416,1.0
411,506,0.4742056469370358,0.0
942,1159,0.5501856031210957,0.0
323,395,0.48861031266880794,1.0
132,155,0.5049094256961248,1.0
1080,1182,0.5460991605841206,1.0
1129,1247,0.461205859555934,1.0
977,924,0.5160019168064744,0.0
333,414,0.4982823216828784,1.0
433,520,0.49145757341239105,1.0
187,231,0.5689734233143654,1.0
508,536,0.5361445945112846,0.0
521,540,0.552466021973895,0.0
486,536,0.5254140864864993,1.0
589,600,0.5305624549504211,1.0
563,566,0.5204471223358672,1.0
269,340,0.4853404800925847,1.0
299,369,0.6088216630166675,1.0
372,455,0.5635894820821121,1.0
923,990,0.5557302261982431,1.0
1060,1156,0.5551956294857214,1.0
312,423,0.4958577553525346,0.0
402,489,0.4885925238894052,1.0
1029,1111,0.5699436699378053,1.0
87,99,0.6164923102276889,1.0
314,423,0.482341814162169,0.0
980,1195,0.5856590151739687,0.0
110,111,0.59861993077689,1.0
517,542,0.5457675036663715,0.0
489,537,0.5321756004979352,0.0
11,13,0.6503412769211661,1.0
895,957,0.48312957409716484,1.0
620,635,0.5284851890531449,0.0
145,170,0.5858918856906913,1.0
1216,749,0.3465671787461033,0.0
1063,926,0.5660605239303984,0.0
214,267,0.6123598750374086,1.0
220,279,0.5155505633457267,1.0
1089,1194,0.5828843160111596,1.0
190,184,0.5325174114154649,0.0
538,550,0.5282455003668038,1.0
1188,221,0.3833334047543654,0.0
22,20,0.7228957408718446,1.0
336,417,0.5704489980173919,0.0
946,1014,0.6052827160095876,1.0
181,224,0.5891082536373916,1.0
1092,1198,0.5174193171344662,1.0
552,556,0.4823425273723727,1.0
1187,221,0.36669860678567867,0.0
933,1001,0.5713344188323805,1.0
277,370,0.4974279410682523,0.0
854,911,0.5239581897373484,1.0
776,852,0.630859660847561,1.0
581,585,0.4857295086820723,1.0
820,70,0.43160930148662524,0.0
592,600,0.5145721273843915,1.0
441,527,0.516442855090918,1.0
1235,1235,0.47225914889483567,1.0
1219,74,0.4123149114786183,0.0
238,297,0.5824958701524419,1.0
469,536,0.5184796183569477,1.0
876,931,0.5110226335253242,1.0
565,566,0.5215179067230697,1.0
167,206,0.6154234398363319,1.0
564,566,0.5216809763990042,1.0
76,86,0.5558470877157405,1.0
809,1194,0.5559444821333354,0.0
106,121,0.6226049070447579,0.0
86,99,0.6130103578774546,1.0
864,925,0.46630042750666234,1.0
868,926,0.5528813663791261,1.0
459,530,0.5006641987763123,1.0
123,139,0.5929520839993021,1.0
414,508,0.46202255388577057,1.0
361,443,0.5424927450274888,1.0
958,1026,0.5446040407526269,1.0
718,24,0.42906141615370474,0.0
458,530,0.4922306432044876,1.0
1052,1143,0.5147608313867029,1.0
848,906,0.5534897795958871,1.0
25,23,0.7570533086137177,1.0
355,443,0.5224774907415323,0.0
785,862,0.5506662747953606,1.0
795,843,0.5385912398373031,0.0
188,234,0.5663019389347711,1.0
442,527,0.49400263478480044,1.0
207,259,0.6569408064384765,1.0
902,964,0.4916737801044123,1.0
824,890,0.48240362434398226,1.0
588,581,0.5322336133773439,1.0
549,556,0.46703752376501567,1.0
491,537,0.5304911520928782,0.0
865,923,0.5181272870501006,1.0
497,536,0.5419367233772101,1.0
1071,927,0.5879836329008077,0.0
577,580,0.5423037494701378,1.0
354,438,0.5676447079965714,1.0
855,914,0.550599675632734,0.0
628,199,0.4370304709213047,0.0
52,48,0.6775980566416792,1.0
432,519,0.5004775629078396,1.0
415,508,0.46990427331814566,1.0
394,480,0.4847473150685082,1.0
695,11,0.46939180329000163,0.0
215,269,0.599061199315584,1.0
46,48,0.7002802655403392,1.0
912,924,0.5014617565162746,0.0
66,75,0.6494061507887248,1.0
534,546,0.5380994215648434,1.0
224,279,0.6378878085288475,1.0
616,631,0.5061983249261516,1.0
1051,1143,0.5367448654715248,1.0
799,873,0.5441175906278094,1.0
920,987,0.5590713375166689,1.0
193,244,0.5904135800802383,0.0
1140,1249,0.4400438924898754,1.0
1046,1139,0.5250423685125557,1.0
669,716,0.4300127255328808,1.0
612,617,0.4993754070832054,0.0
67,75,0.6408491987785889,1.0
1175,63,0.38643545357640363,0.0
127,134,0.46676006319276503,1.0
306,379,0.5178509263594886,1.0
112,130,0.5836610477637987,1.0
70,79,0.5661083379324857,1.0
122,139,0.6081795615066121,1.0
900,963,0.5068589075799759,1.0
364,446,0.5242008163391936,1.0
1155,68,0.39131367070464185,0.0
943,1014,0.5104538703348093,1.0
639,675,0.4713048748503848,1.0
320,395,0.4909722025473898,1.0
743,800,0.43266876817122013,1.0
250,304,0.5050603056650003,1.0
15,13,0.6424022904467257,1.0
1125,1241,0.4620909768814002,1.0
1104,1214,0.4421652358582786,1.0
651,1217,0.5284776516587917,0.0
961,1028,0.5348001407607061,1.0
1231,1232,0.4966336617332117,1.0
841,903,0.5775477691622457,1.0
424,516,0.5352656123721886,1.0
38,24,0.7746051533341292,1.0
317,370,0.4867812450983826,0.0
826,231,0.4831606923100086,0.0
659,703,0.5164546399038654,1.0
1212,1234,0.3739069643063442,1.0
663,711,0.5131037383667996,0.0
173,204,0.5489534425170673,1.0
1146,1239,0.4222054075568271,1.0
201,259,0.6393207656144166,1.0
982,1195,0.5561539138059294,0.0
576,580,0.5198219528513014,1.0
988,926,0.5248893285183827,0.0
219,272,0.5516601321479098,1.0
904,222,0.4564755599373254,0.0
360,442,0.5605273839256318,0.0
90,101,0.6161520061688341,0.0
788,927,0.5332967923633385,0.0
874,930,0.5338831764472205,1.0
490,537,0.5191245662482602,0.0
369,451,0.5691207544522144,1.0
143,167,0.5599595868230647,1.0
610,617,0.46850600779453666,0.0
216,268,0.6230928452545323,1.0
180,224,0.5395742953205588,1.0
1223,1246,0.40425557836820925,1.0
1023,1109,0.558900699269999,1.0
463,530,0.5116458111745223,1.0
1135,1249,0.4377488169809035,1.0
710,749,0.4043694604133221,0.0
455,530,0.5038311393181214,1.0
775,850,0.6290949719835865,1.0
243,304,0.5830821152027024,0.0
465,530,0.5164176720088399,1.0
428,520,0.560444097872524,1.0
1145,1249,0.46681769574975607,1.0
976,924,0.5205427538459291,0.0
77,87,0.5401462709102689,1.0
683,194,0.46158519683964966,0.0
200,254,0.6453620423198576,1.0
275,370,0.488450588611409,0.0
1111,1217,0.452319214961914,1.0
59,59,0.764905229889931,1.0
544,553,0.498543305409246,1.0
120,139,0.5938444121316669,1.0
464,530,0.5221175712540689,1.0
1003,940,0.47424118368604307,0.0
817,1166,0.4489205176446574,0.0
580,581,0.48892455090572584,1.0
1224,1246,0.43153872605327637,1.0
1006,228,0.46051453543429766,0.0
384,470,0.4828011658747182,0.0
561,556,0.5009872793995604,1.0
731,803,0.5328696016185315,1.0
284,370,0.5144861926750863,0.0
129,163,0.4324163930023691,0.0
1119,1232,0.48367199968930996,1.0
440,524,0.5006347212335993,1.0
426,516,0.5484613846071427,1.0
1237,1236,0.4803322610857824,0.0
512,536,0.5439870571889003,0.0
550,556,0.4918591810322361,1.0
425,517,0.5453250605473577,1.0
1027,1111,0.57749736115212,1.0
964,1031,0.5403004746649407,0.0
621,638,0.5110638035016376,0.0
557,556,0.5020286111193937,1.0
500,536,0.5590591169882257,1.0
934,1001,0.5663260678625487,1.0
68,75,0.6242783819183735,1.0
53,54,0.6839594746979718,1.0
1086,1185,0.4645248494428263,1.0
522,541,0.5620796491965345,0.0
379,464,0.5162636674879151,1.0
790,927,0.5288649998341739,0.0
192,184,0.553342959475649,0.0
649,700,0.5519638099018587,0.0
1056,1152,0.549809228712302,1.0
986,923,0.4856862001064156,0.0
1143,1249,0.4080298932596012,1.0
1045,1139,0.5594442365070442,1.0
771,846,0.5374525576564142,1.0
541,550,0.5384483760121962,1.0
484,536,0.524531421607709,1.0
1204,752,0.3329858949606897,0.0
1,15,0.6392145830419739,1.0
488,536,0.5423417114030822,1.0
406,497,0.5242393768824136,0.0
767,844,0.5074665038371886,0.0
725,797,0.45224208966267354,0.0
568,571,0.5252906744949526,1.0
159,193,0.5624526746706768,1.0
1028,1111,0.572059116442516,1.0
471,536,0.519634254945152,1.0
603,606,0.5196652054882922,1.0
996,927,0.5869845796616089,0.0
502,537,0.5436207008121356,0.0
448,530,0.48367613716280194,1.0
221,278,0.543260236089105,1.0
566,566,0.5255559120211027,1.0
515,536,0.516841697626181,0.0
268,340,0.46949999020772093,1.0
829,233,0.5314717844603895,0.0
72,82,0.6010864061473273,1.0
613,617,0.48835597679002607,0.0
436,523,0.48653080714132924,1.0
356,439,0.5110331657037971,1.0
717,17,0.4384407397971381,0.0
847,906,0.5600720790849036,1.0
694,11,0.4760149915507136,0.0
940,1008,0.5576289088411432,1.0
1095,1201,0.4372827431779327,1.0
10,3,0.6517605550756733,1.0
786,862,0.5279171162836429,1.0
330,419,0.5161410314299665,0.0
251,314,0.487776257673044,1.0
478,536,0.5171622309330032,1.0
632,186,0.4598608201491792,0.0
637,675,0.42787237922704224,1.0
58,56,0.7342126993981097,1.0
537,550,0.5261382721663627,1.0
1183,68,0.3209148209081777,0.0
237,297,0.5799256283104148,1.0
368,451,0.5616172725919735,1.0
1202,343,0.34248504578261474,0.0
1248,350,0.46328788922254044,0.0
1026,1111,0.5859518891761897,1.0
936,1002,0.6035419690750727,1.0
430,519,0.5465677979261793,1.0
1036,1155,0.5453311943896112,0.0
513,536,0.5068091483311973,0.0
968,1164,0.521085263055338,0.0
1093,1199,0.48053215608207667,1.0
41,27,0.7389019629740743,1.0
248,310,0.559869648990296,1.0
417,509,0.49448189266224063,1.0
378,203,0.48357646707195334,0.0
1041,1132,0.5633681941729196,1.0
98,115,0.6181768206075262,1.0
768,846,0.5146139376285686,1.0
179,224,0.5172799149017134,1.0
674,194,0.4354549609795392,0.0
1068,926,0.5441179888281611,0.0
1169,63,0.4078160793534761,0.0
494,537,0.5456363461509366,0.0
611,617,0.5170026101547065,0.0
377,461,0.4901902038981442,1.0
461,530,0.5048743952859357,1.0
1156,68,0.39139882420711586,0.0
973,69,0.4657918350776964,0.0
646,927,0.5128037266363892,0.0
407,497,0.5047848815540126,0.0
210,262,0.6448521550783237,1.0
511,536,0.533890422550251,0.0
413,505,0.46864312170522926,1.0
1040,1130,0.49836673215363364,1.0
1073,927,0.6215995216506962,0.0
1182,68,0.33943726441376987,0.0
1142,1249,0.43518176739773734,1.0
294,363,0.6352360676519222,1.0
392,476,0.45112327743959213,1.0
778,852,0.566865878570675,1.0
447,530,0.4890233545257247,1.0
495,537,0.5478441458521071,0.0
1222,72,0.3791349410106128,0.0
1101,1208,0.4391473096849971,1.0
1021,1106,0.577884418474407,0.0
729,803,0.48427138831163374,1.0
148,174,0.5738007110323782,1.0
1007,69,0.4802402781737006,0.0
642,926,0.5004331302788967,0.0
1160,59,0.39875883989046057,0.0
928,931,0.5276611753217036,0.0
35,24,0.7565624258268441,1.0
832,894,0.5152571601455416,1.0
1196,343,0.3417261786525907,0.0
34,22,0.7593132233326421,1.0
345,429,0.6533126700488058,1.0
498,537,0.5420714053335656,0.0
17,13,0.6286894927644249,1.0
585,601,0.4993245457647244,1.0
1083,1185,0.5468475633271436,1.0
420,509,0.5259809238594944,1.0
96,111,0.6209911493729355,1.0
530,544,0.5704882315393932,0.0
99,98,0.623544820481202,0.0
636,675,0.4067154768320604,0.0
755,828,0.5518686167018164,1.0
752,802,0.5405594871445827,1.0
1164,68,0.3844651943164583,0.0
906,279,0.4983952327858948,0.0
1157,59,0.3835766470020045,0.0
386,470,0.44258895675679955,1.0
270,340,0.4746389856279018,1.0
467,530,0.5316872773795323,1.0
13,13,0.6547535386862328,1.0
64,71,0.6544247488259445,1.0
197,256,0.6480402560404677,0.0
18,13,0.6326403967024454,1.0
19,20,0.6488954420709184,1.0
838,900,0.5507333501341389,0.0
1120,1235,0.45728016247233433,1.0
111,124,0.5970116381746884,1.0
709,966,0.3830857875440752,0.0
395,480,0.4852112722940348,1.0
297,368,0.5779512095947285,1.0
39,24,0.7397325004284517,1.0
947,1014,0.603179358954031,1.0
1139,1249,0.43661648651713153,1.0
884,937,0.5231922533616514,1.0
1163,68,0.4062342318226032,0.0
627,800,0.4223976911602677,0.0
779,856,0.5707727800825465,0.0
397,480,0.47768767643819265,1.0
338,418,0.6127446264524614,0.0
582,585,0.4949262263220376,1.0
1185,63,0.3565471483902222,0.0
543,552,0.5124220787740476,1.0
971,961,0.5288993260665014,0.0
712,24,0.43143239548897394,0.0
1176,68,0.3806172168843531,0.0
202,259,0.6361736420904949,1.0
139,160,0.48188719674531183,1.0
1136,1249,0.4564531188756943,1.0
1055,1151,0.5006923823150876,1.0
226,286,0.6051463552715772,0.0
29,23,0.7784837734175207,1.0
332,417,0.5004187936234449,0.0
527,543,0.5895458288311198,0.0
1024,1110,0.5749484060656687,1.0
601,601,0.5035462107201731,1.0
890,950,0.504852482365284,1.0
957,1026,0.5458635627472432,1.0
1154,68,0.3918198361320938,0.0
805,876,0.5125427012967492,1.0
575,577,0.5133051089177305,1.0
4,0,0.6702529628508058,0.0
926,993,0.5567528025634562,1.0
42,27,0.7310267842146223,0.0
115,130,0.5552380793324594,1.0
321,395,0.4643868848216025,1.0
1013,1097,0.45892902427581045,1.0
532,545,0.5802867919824848,1.0
1059,1155,0.5488693258859125,1.0
223,278,0.6059270091557398,1.0
501,537,0.563684209405882,0.0
453,530,0.48883953548285686,1.0
518,541,0.558371358094284,0.0
781,856,0.5710736886836466,1.0
27,24,0.7772579666867295,1.0
736,808,0.4868300018226526,0.0
1208,1235,0.33680796406714714,1.0
641,675,0.469089433086023,1.0
1050,1143,0.5495142217352409,1.0
56,55,0.7605198471895023,1.0
2,4,0.6550881531797079,1.0
853,911,0.527513351744558,1.0
994,926,0.5539848687666284,0.0
37,24,0.7783279989977018,1.0
128,134,0.4480565902562925,1.0
645,927,0.5015469807507138,0.0
722,786,0.43520488415040953,1.0
45,24,0.7132811635367028,0.0
953,1022,0.5574086027427427,1.0
282,351,0.5196574134461213,1.0
747,804,0.5214396374731294,0.0
419,512,0.5240046818210997,1.0
334,417,0.5838942126026353,0.0
255,363,0.44062915274332515,0.0
456,530,0.5034875496589502,1.0
435,520,0.4800267484195953,1.0
1102,69,0.42026501414617656,0.0
1228,1246,0.48225826599734356,1.0
24,23,0.7670835561673885,1.0
930,925,0.5593718050140506,0.0
71,79,0.580356732193057,1.0
134,155,0.5145498472170927,1.0
50,51,0.7028513905042311,1.0
1179,68,0.32739153887592143,0.0
871,927,0.5402053958424768,1.0
366,451,0.5515898503796797,1.0
305,379,0.5176891997507704,1.0
742,800,0.449853087819303,1.0
163,202,0.6366241374592125,1.0
1123,1237,0.4953260772573469,1.0
598,613,0.4737640095283997,0.0
666,715,0.5218459608141535,1.0
762,835,0.5583153709499353,1.0
1030,1110,0.522719723903676,1.0
373,456,0.5421592968989359,1.0
714,11,0.4401534090223011,0.0
274,340,0.4841437778284523,1.0
385,470,0.49078301273824626,0.0
289,358,0.5687096211158297,1.0
655,700,0.5456779916710395,1.0
889,950,0.4943553857903187,1.0
252,367,0.480737990858004,0.0
443,530,0.4962455425782627,1.0
746,804,0.5401570324818882,0.0
596,600,0.48297932165021473,1.0
1044,1156,0.5729203465534629,0.0
324,398,0.4878080812321542,1.0
615,631,0.5027308618998172,1.0
1106,1215,0.486247134377313,1.0
623,638,0.5183087343366692,0.0
999,1071,0.5779975609564543,1.0
89,101,0.608525113882823,0.0
654,700,0.5569935198961191,1.0
690,749,0.43469516440414285,0.0
606,617,0.4854063764770351,0.0
309,380,0.5337090289552296,1.0
972,1164,0.47885464612774997,0.0
590,600,0.5119290006678858,1.0
1108,1217,0.511787398862194,1.0
199,253,0.6204519326610228,1.0
806,881,0.5214431816353211,1.0
429,520,0.5573040094562653,1.0
23,20,0.7398949499945116,1.0
660,711,0.5279956410563176,0.0
241,302,0.6099695246541087,1.0
1132,1247,0.4182492889018017,1.0
583,585,0.478439022784462,1.0
233,291,0.5408291366305059,1.0
479,530,0.5140396189895816,0.0
609,612,0.4971339881400912,1.0
555,556,0.4921417088300482,1.0
130,172,0.43339584042641943,0.0
679,800,0.45208151995958745,0.0
955,1023,0.5785026401838735,1.0
584,585,0.4758557981042023,1.0
137,158,0.5049442687483574,1.0
808,232,0.5184803662109915,0.0
815,179,0.48439469592526174,0.0
109,125,0.6280925904863461,1.0
546,555,0.4997751413007192,1.0
138,159,0.5132032124778282,1.0
671,737,0.4227804418218542,0.0
554,556,0.4954737167605504,1.0
1033,1121,0.5547607426670853,0.0
327,403,0.600520088834035,1.0
191,184,0.5434155289506695,0.0
526,542,0.5988952966861749,0.0
857,950,0.5311677917869679,0.0
285,355,0.5513320213925617,0.0
556,556,0.505079124076857,1.0
164,202,0.6246657474525852,1.0
231,289,0.5695215088642229,1.0
1153,809,0.39495040637107975,0.0
625,232,0.4582804983122711,0.0
726,798,0.4454218587369738,0.0
82,96,0.5259363955093361,1.0
1133,10,0.39620323205496377,0.0
886,946,0.5523444017139869,1.0
437,523,0.4936969816535786,1.0
935,1002,0.5919350150868481,1.0
705,770,0.39963062711546277,1.0
595,600,0.49977288875581716,1.0
185,231,0.5467123945240068,1.0
640,897,0.4583312450883501,0.0
716,11,0.46426611617111846,0.0
938,1005,0.586556384022798,0.0
457,530,0.499414865580195,1.0
1201,343,0.3674994384354119,0.0
673,800,0.39739257951704665,0.0
257,323,0.46405225382835136,1.0
540,550,0.531178790550888,1.0
49,50,0.6922481931075322,1.0
315,370,0.461686123929416,0.0
1178,63,0.35787194334985745,0.0
751,804,0.5360249685276995,0.0
492,537,0.5336853250365703,0.0
83,99,0.5607212122862952,1.0
74,85,0.5928093216373793,1.0
431,519,0.5181148272932297,1.0
1186,220,0.3545021925470796,0.0
222,278,0.5868727912709106,1.0
240,296,0.598132646747825,1.0
116,134,0.547694428076374,1.0
1200,343,0.3598673315468566,0.0
908,927,0.5073767937146828,0.0
924,991,0.6234310970350231,1.0
1193,220,0.37421077584604945,0.0
1100,1206,0.4737908156118198,0.0
670,737,0.4221359820877243,0.0
276,371,0.49640397502769007,0.0
851,910,0.5582833432832384,1.0
629,199,0.44034832205161045,0.0
61,66,0.7493820426130255,1.0
703,11,0.42647121913349717,0.0
1151,808,0.4260195688501254,0.0
149,176,0.5591013152371456,1.0
1147,1248,0.432087834414147,1.0
65,73,0.6737655392826023,1.0
1079,1181,0.4996398927232912,1.0
390,476,0.4802987000439121,1.0
307,379,0.5388019706803103,1.0
232,289,0.5596020551277896,1.0
1114,1228,0.4852261564482367,1.0
520,541,0.5581415840649049,0.0
1195,220,0.39179224953553243,0.0
750,801,0.5338301487147974,1.0
862,923,0.4717695811970669,1.0
391,474,0.4826016660498892,1.0
472,536,0.5271536229204268,1.0
680,800,0.47778689005721187,0.0
301,371,0.6057828716358925,1.0
891,952,0.5178894577816057,1.0
205,258,0.650158382711961,1.0
1126,1241,0.4302774659148783,1.0
1005,228,0.4851818925831828,0.0
599,600,0.4827003180325828,1.0
619,635,0.5035917245428856,0.0
907,927,0.5030397109633227,0.0
1015,926,0.5276986117585908,0.0
387,471,0.455229647463013,1.0
657,704,0.5573321789818139,1.0
759,830,0.5537912639736555,1.0
421,514,0.5189589089015645,0.0
84,99,0.6032454105844325,1.0
630,186,0.43048594951923475,0.0
1025,1111,0.5956272710835522,1.0
36,23,0.7620788291488886,1.0
574,576,0.5358809950138954,1.0
230,288,0.563715882744623,1.0
168,206,0.6062946910309699,1.0
916,927,0.4898602275121385,0.0
263,330,0.5079267817068456,1.0
399,488,0.5112985733560171,1.0
880,940,0.5626676800301746,1.0
446,530,0.4920014237874058,1.0
1171,65,0.41067286123489344,0.0
1174,63,0.39001293781999935,0.0
562,566,0.49851332847449853,1.0
318,370,0.46735676460500014,0.0
852,911,0.5780439292635914,1.0
1019,1104,0.5941755026246784,0.0
136,155,0.5301718068566111,1.0
227,286,0.5993699090291018,0.0
692,11,0.4595001323493687,0.0
1039,1130,0.456036177779914,1.0
1004,940,0.493507799094153,0.0
1211,1232,0.37979291231416323,1.0
784,862,0.5506580445757545,1.0
31,25,0.7767778704016594,1.0
359,443,0.5378870021933178,0.0
833,1133,0.4970433906619671,0.0
505,537,0.5487027093095846,0.0
1035,1124,0.5735570706278769,1.0
1215,1233,0.34447662323869344,1.0
141,163,0.5563124696715592,1.0
1118,1232,0.49181504727173375,1.0
777,852,0.5887377635084396,1.0
888,949,0.5360589162697766,1.0
1115,1228,0.506808015992764,1.0
774,850,0.6217588121503977,1.0
827,231,0.5186267928186843,0.0
423,512,0.525798333079819,1.0
773,850,0.6241109468324929,1.0
810,232,0.5558051398718601,0.0
409,509,0.47246127938434157,0.0
914,926,0.4824428979381187,0.0
735,807,0.49389031927964544,1.0
272,340,0.4460667648542163,1.0
206,258,0.6523353401899528,1.0
79,88,0.4973810309858695,0.0
818,69,0.4368054126479449,0.0
229,287,0.5819756512633677,0.0
859,918,0.48336374079036953,1.0
1062,926,0.5544147628426157,0.0
678,800,0.45858858168888916,0.0
462,530,0.5131377674610544,1.0
1170,63,0.4087840799547199,0.0
262,328,0.5415495405101299,1.0
1009,1191,0.4558325624788861,0.0
178,218,0.4762202301665849,0.0
1131,1247,0.46778519723520806,1.0
757,828,0.5657820617655811,1.0
727,799,0.46977202286489694,0.0
560,556,0.5045598521548111,1.0
259,328,0.4806087140866442,0.0
741,799,0.43440892286985017,1.0
101,98,0.5995467335958746,0.0
849,908,0.5663637005671959,1.0
1227,1246,0.4602057370204278,1.0
362,442,0.5216726522770008,1.0
370,451,0.5615926833603002,1.0
367,451,0.565062126928343,1.0
643,926,0.4973851691067316,0.0
863,925,0.4792769656085195,1.0
897,963,0.4982120559885715,1.0
1197,343,0.34868662873890943,0.0
264,331,0.5196820341140798,1.0
984,1053,0.47882178255828023,1.0
985,222,0.47362204375927786,0.0
20,20,0.686832838553205,1.0
1110,1222,0.4107755588598096,0.0
342,424,0.6361667585219468,1.0
1206,1236,0.33525352889031623,0.0
203,257,0.6411503257789904,1.0
33,25,0.7803844867839114,1.0
634,675,0.45038403711948216,0.0
675,800,0.4522204253839903,0.0
485,536,0.5294648294521209,1.0
1082,1183,0.598121027824895,1.0
95,111,0.6267572639996184,1.0
921,990,0.5717608622584553,0.0
535,547,0.554785061554817,1.0
480,536,0.5335357029060355,1.0
1137,1249,0.45009937146061396,1.0
335,417,0.5796863787909409,0.0
872,928,0.5217299055750955,1.0
708,772,0.365349570729825,0.0
239,297,0.6080745294517245,1.0
374,460,0.5471133420800446,1.0
822,230,0.4300410371049752,0.0
978,926,0.5279785481082996,0.0
622,232,0.5182871718705455,0.0
844,904,0.5712923826063493,1.0
704,11,0.4232932625825542,0.0
1122,1236,0.5078914657506943,1.0
1232,1232,0.496794443703355,1.0
104,120,0.5956025584495566,0.0
969,69,0.4764174258267053,0.0
797,873,0.5094082881381987,1.0
246,304,0.5825038767517009,0.0
995,927,0.5766512454003826,0.0
1091,1194,0.5637042503848203,1.0
823,231,0.4485272868757209,0.0
937,1002,0.5884780980858473,1.0
1181,68,0.3404277022811907,0.0
1103,70,0.42427821077222927,0.0
600,600,0.5024033134126074,1.0
283,370,0.5161963703557685,0.0
927,296,0.5426587896705796,0.0
509,538,0.5446494791909977,0.0
997,1069,0.6031126770597354,1.0
898,964,0.487498539345269,1.0
21,20,0.7082522881414268,1.0
739,801,0.42733035623542204,1.0
892,955,0.5034900442264514,1.0
310,380,0.5265444631181289,1.0
493,536,0.5366344805642158,1.0
570,575,0.5360401657025703,0.0
54,50,0.6935343235614093,0.0
1031,1120,0.5307108769695272,0.0
1207,343,0.34980403479388134,0.0
713,10,0.440488569696456,0.0
398,487,0.5036890668376446,0.0
748,809,0.5536135204801929,1.0
303,378,0.5243836814393577,1.0
1113,1238,0.47979098314553686,0.0
850,909,0.5565208699589275,0.0
235,296,0.58428483963573,1.0
261,328,0.5207731342076107,0.0
860,1040,0.4571994292631861,0.0
1099,1206,0.44770355375652915,0.0
244,306,0.5763747922509064,1.0
998,1069,0.5823334006919463,1.0
247,310,0.5652820095200687,1.0
108,124,0.6303324783976425,0.0
154,186,0.5786470218118982,1.0
917,927,0.47059670293587874,0.0
287,358,0.5198888051411958,1.0
539,550,0.5328644017743207,1.0
1243,1241,0.4379002817174221,1.0
533,545,0.5391354415492473,1.0
1037,1156,0.5123583584185842,0.0
1233,1232,0.48380331151290185,1.0
150,178,0.5658675026373887,1.0
48,48,0.7040379434128529,1.0
352,436,0.6031179823923765,1.0
661,711,0.5440177054048771,0.0
346,427,0.6399141690474703,0.0
791,843,0.522414580284045,0.0
975,69,0.49190951309545705,0.0
618,635,0.513297344026001,0.0
344,424,0.6489246236607455,1.0
831,894,0.5394758868655484,1.0
1234,1232,0.4805215654402432,1.0
140,162,0.5623788108089287,1.0
125,139,0.5152327934743818,1.0
1130,1247,0.43710396543759067,1.0
1084,1185,0.5473396806745673,1.0
380,465,0.5163114703254558,1.0
798,873,0.5368255023226627,1.0
131,199,0.46622703890316247,0.0
279,370,0.5154155578866615,0.0
249,310,0.5272420182617537,1.0
839,900,0.5660424067187391,0.0
353,437,0.5525172455232024,1.0
1241,1236,0.4808737178057463,0.0
114,117,0.5576287213333164,1.0
1042,1132,0.5796324891639903,1.0
1247,350,0.47961394574053773,0.0
1158,68,0.3799069149676585,0.0
75,86,0.565307631937637,1.0
836,899,0.49028819417590025,1.0
1117,1230,0.4919014713518587,1.0
135,156,0.5352289100109788,1.0
1173,63,0.37360104381256043,0.0
474,530,0.5284243827159402,0.0
113,130,0.5634981988297761,1.0
290,359,0.550050203547185,1.0
304,379,0.502499623806273,1.0
482,537,0.512723387778176,0.0
225,281,0.6211572953259343,1.0
1048,1143,0.5447146015077506,1.0
1167,68,0.4000990183150525,0.0
830,232,0.554722194848337,0.0
176,212,0.4874855079504651,1.0
60,65,0.6996877912731817,1.0
638,675,0.4730333177034386,1.0
1067,1164,0.563842364866548,1.0
382,468,0.5099985260315409,1.0
194,245,0.6293289668788798,0.0
1194,220,0.3879288706324835,0.0
172,204,0.5534972911655065,1.0
593,600,0.5064905384979732,1.0
445,530,0.4875409849312608,1.0
769,846,0.5188940841577148,1.0
658,703,0.5315440887095645,1.0
1070,926,0.5773661465303602,0.0
1124,1237,0.5019038353186747,1.0
626,647,0.4224914527989559,0.0
1002,1075,0.5194902803424343,1.0
1225,1246,0.4527456548829999,1.0
253,363,0.44414910943232944,0.0
117,136,0.5438333879785706,1.0
753,828,0.5359409410561904,0.0
40,27,0.7572439024220504,1.0
160,199,0.548569312149634,1.0
348,429,0.6767774273565179,1.0
684,745,0.43578044354697454,1.0
737,801,0.44798303305097154,1.0
78,88,0.5160389586779517,0.0
438,524,0.4945991374385477,1.0
466,530,0.5182615670135131,1.0
861,924,0.4868173980981893,1.0
545,555,0.5044929242662047,1.0
393,479,0.457795669932452,1.0
1076,1177,0.5495666235966707,1.0
858,950,0.5079606677153485,0.0
745,804,0.49382056076169534,0.0
152,186,0.5607553542892045,1.0
358,443,0.5098950831387055,0.0
966,1194,0.5456870229477269,0.0
1199,343,0.37702035572888015,0.0
699,9,0.41148432193815676,0.0
8,2,0.6556628430401575,1.0
687,745,0.48030369173100107,1.0
559,556,0.49014272162579337,1.0
1166,68,0.3797326535378402,0.0
281,351,0.5308363470589001,1.0
468,530,0.5269662968648164,1.0
12,13,0.6088743585523555,1.0
212,265,0.6344685495530545,1.0
311,423,0.5128934218828627,0.0
970,1035,0.5258033788141745,1.0
329,418,0.5235743035046244,0.0
631,199,0.445668702191251,0.0
967,1184,0.5423864711554172,0.0
242,303,0.6014263603003681,1.0
47,48,0.6774718682472731,1.0
211,265,0.6248219269074389,0.0
754,828,0.5589922153381098,1.0
811,1194,0.5234025496073915,0.0
326,401,0.6082660998522885,1.0
1077,900,0.5328259943318241,0.0
569,573,0.5292067009893899,1.0
44,46,0.7443761260331527,1.0
579,580,0.49556508211334427,1.0
828,178,0.5275065350266434,0.0
689,750,0.4483513229413513,0.0
254,310,0.46199586531859493,1.0
1220,70,0.3853007983579442,0.0
1000,1071,0.5452009345642075,0.0
744,804,0.4652006338646678,0.0
792,843,0.5239564964824421,0.0
1184,221,0.3426299916844898,0.0
1205,1246,0.3503491200145981,1.0
1054,1151,0.49053744199427873,1.0
1016,1099,0.5394646455118217,1.0
882,941,0.5654911135513435,1.0
764,830,0.4794069245776249,1.0
124,139,0.5407711177642163,1.0
3,4,0.6728040699764907,1.0
730,803,0.4795880930191392,1.0
507,537,0.5445179414399909,0.0
339,418,0.5911269216857693,0.0
144,167,0.5551135496069709,1.0
688,750,0.48137236554928736,0.0
158,192,0.5631025035317954,1.0
477,536,0.5204461617180832,1.0
308,379,0.5471039495250852,1.0
761,830,0.5653318006746801,1.0
800,873,0.5393173382921803,1.0
962,1028,0.5307630350938042,1.0
617,631,0.5032923846411799,1.0
706,771,0.38589003436558944,1.0
602,604,0.5317627952733901,1.0
383,468,0.4956067507673393,1.0
905,222,0.46922115410474874,0.0
331,417,0.5044486801103223,0.0
1069,1168,0.5608221348422295,1.0
965,1031,0.5595564321207431,0.0
721,772,0.41583521614198465,1.0
740,801,0.43972355845873545,1.0
504,536,0.5310224617031383,0.0
633,202,0.45985011833257533,0.0
867,923,0.5578213164217886,1.0
594,600,0.49742335581377384,1.0
951,1021,0.5742577390650669,1.0
1246,328,0.45022371005784206,0.0
523,540,0.5518647787279495,0.0
165,204,0.6502331570948087,1.0
707,771,0.4210259535696579,1.0
1229,1232,0.5178515781128541,1.0
1165,62,0.4045009082363769,0.0
396,480,0.47811026320649674,1.0
119,139,0.5778975650694941,1.0
506,537,0.5431816556990696,0.0
787,927,0.5222063392046672,0.0
954,1023,0.5465330037590325,1.0
837,900,0.5220707841624423,0.0
1098,1204,0.43992289091597686,1.0
668,716,0.4680876580974183,1.0
313,370,0.4581804781480524,0.0
357,438,0.5219813856747777,1.0
73,85,0.6021373750903666,1.0
542,552,0.5334049507287988,1.0
567,571,0.5252012859625463,1.0
103,101,0.6051514422754054,1.0
422,509,0.5227009461425878,1.0
293,363,0.6084426173843387,1.0
956,1026,0.5689428170921427,1.0
793,843,0.5225095370701143,0.0
605,606,0.49266885077250144,1.0
1238,1237,0.44932372633172335,1.0
6,4,0.6513978951090653,1.0
496,537,0.5422243206965089,0.0
990,927,0.5264994003946947,0.0
939,1005,0.5732267391330049,1.0
1014,926,0.5165554068996987,0.0
681,800,0.4379490168049016,0.0
142,163,0.5286697734042632,1.0
814,1164,0.4832849920280843,0.0
343,424,0.6600062532884621,1.0
350,432,0.5973941916692816,1.0
0,4,0.6492258207430213,1.0
1198,343,0.35813766173219996,0.0
531,544,0.5707697052231278,0.0
738,801,0.4372035878592241,1.0
376,460,0.5128892061993497,1.0
802,876,0.5501042368996578,1.0
756,828,0.5637668853775195,1.0
719,11,0.4273261640109087,0.0
1109,70,0.4252156746846896,0.0
1094,1200,0.46731774751093413,1.0
405,497,0.4951048405869872,0.0
271,340,0.4501205816306944,1.0
1217,749,0.3333619238284366,0.0
389,474,0.4695907178574049,1.0
1218,1246,0.3433357748452669,1.0
734,807,0.5191735098911638,1.0
899,964,0.5022767808151574,1.0
1190,220,0.40635638588831274,0.0
881,940,0.5755772612081996,1.0
30,23,0.774640381853912,1.0
801,874,0.5605247170634369,1.0
987,924,0.5055786643008581,0.0
919,930,0.5319017583034369,0.0
1085,1185,0.5060980890872432,1.0
732,801,0.535815403492199,1.0
473,530,0.5076124806121423,0.0
1161,58,0.3712754283650485,0.0
92,103,0.6290251194065319,1.0
948,1014,0.5692702393931902,1.0
451,530,0.48516136204837224,1.0
81,93,0.5136897707989694,1.0
256,320,0.46384739493933713,1.0
931,925,0.5577989762639447,0.0
174,204,0.545121434378665,1.0
819,69,0.428612248412258,0.0
280,370,0.4810897136029071,0.0
804,876,0.5400431257119138,1.0
381,458,0.4473224375985826,1.0
893,955,0.49999452008100037,1.0
1064,1163,0.6168666239963397,1.0
1152,809,0.4159268392577581,0.0
652,700,0.5380034950422201,0.0
586,601,0.5076566937029894,1.0
766,841,0.49974740182501975,0.0
228,287,0.5923242112101075,0.0
662,711,0.5361494443108484,0.0
298,369,0.5885196800462661,1.0
1128,1244,0.4676669180071382,1.0
1230,1232,0.5126058294746618,1.0
1008,69,0.47592069749729027,0.0
760,830,0.5708000452848798,1.0
715,11,0.42879754393855896,0.0
1090,1194,0.6063846408763637,1.0
723,786,0.4126223631483143,1.0
156,190,0.5875606804357578,1.0
782,860,0.5596086443211509,1.0
218,268,0.5977069405290187,1.0
536,547,0.5464321433305928,1.0
529,543,0.5757460131161161,0.0
702,766,0.41405899256472933,0.0
724,786,0.4530668422114892,1.0
267,334,0.4602047252827354,1.0
667,715,0.5163515866936357,1.0
439,524,0.4935041815937838,1.0
813,940,0.49384370377973086,0.0
186,231,0.5274971154016681,1.0
418,509,0.5009739197682603,1.0
1065,1163,0.6104656293441146,1.0
236,296,0.5806244617831825,1.0
992,926,0.5269805640699621,0.0
870,927,0.5392619380908177,1.0
412,505,0.5060608756070757,0.0
571,575,0.5618618751186643,0.0
607,606,0.49783463505334513,1.0
648,700,0.5383367211917558,0.0
1049,1143,0.5789782250405893,1.0
553,556,0.4757685823534057,1.0
807,232,0.5177191392709866,0.0
476,530,0.520933901279423,0.0
161,199,0.589977931853302,1.0
171,204,0.5567020698497167,1.0
292,362,0.5607492514330603,1.0
547,556,0.48654862071726723,1.0
94,111,0.6283810379595753,1.0
1012,1094,0.4792286435436582,1.0
989,926,0.5533315403842216,0.0
204,257,0.6460664632252003,1.0
812,1194,0.5302590413757438,0.0
883,944,0.5162389425742611,1.0
9,2,0.657281155002291,1.0
796,843,0.522871040454217,0.0
1075,1174,0.5999303375666123,0.0
503,536,0.5266021752988916,0.0
909,927,0.4992094254429403,0.0
483,536,0.5166625280024918,1.0
408,509,0.4564246523573302,0.0
266,334,0.4929596221361696,1.0
524,541,0.5581169920341877,0.0
548,556,0.4851222677904153,1.0
184,228,0.5629333036813204,0.0
551,556,0.46934254224576966,1.0
700,9,0.42463351752053935,0.0
685,745,0.4653757628910476,1.0
388,472,0.443135405437876,1.0
340,419,0.5638437723103138,1.0
665,713,0.5292255739093946,1.0
846,906,0.5696322063408658,1.0
572,576,0.5612907990031013,1.0
691,750,0.45105237183828684,1.0
316,370,0.46964535432082205,0.0
302,371,0.570251928686795,1.0
758,830,0.5709894918253903,1.0
983,86,0.48639927052237614,0.0
558,556,0.4916772379016561,1.0
1236,1235,0.4707187144396148,1.0
198,259,0.6302379685690997,1.0
196,257,0.6255723872460466,0.0
770,846,0.5085083367613987,1.0
514,539,0.5163334961700408,0.0
597,614,0.4735954740057745,0.0
450,530,0.49454284518584857,1.0
57,54,0.7313534714571013,0.0
444,527,0.49569037486260636,1.0
170,210,0.5612184345862943,1.0
286,355,0.5144662997268887,1.0
1214,1232,0.3648576038092897,1.0
234,297,0.562527160071203,1.0
157,190,0.5875015583148818,1.0
873,930,0.5246991955160173,1.0
1078,900,0.4901410458201758,0.0
1141,1249,0.4240645763169193,1.0
1020,1104,0.5784051055219032,0.0
151,178,0.5471497908124179,1.0
85,99,0.5973163916969113,1.0
162,200,0.6260518752531152,1.0
403,489,0.5106947325882096,1.0
825,231,0.48284012880030075,0.0
1022,1107,0.5762170001195528,1.0
217,268,0.6451785154018984,1.0
475,530,0.5180344780778674,0.0
347,429,0.6566228144168786,1.0
183,229,0.5894046619511077,0.0
1180,63,0.33197287698044603,0.0
55,53,0.7068874888974357,0.0
913,924,0.4859196860667846,0.0
1144,1249,0.4366665688017727,1.0
925,991,0.5859371300566574,1.0
869,927,0.5473435217863122,1.0
949,1014,0.5347807749845861,1.0
427,519,0.5557021552829833,1.0
1189,220,0.36011210391458354,0.0
91,103,0.6319168338044457,1.0
696,11,0.42666534792226385,0.0
126,139,0.483800947875351,1.0
911,976,0.5089757288647803,1.0
733,803,0.500987670118888,1.0
1213,1232,0.3605228534718872,1.0
296,368,0.5737660539132818,1.0
1239,1237,0.4687615468780537,1.0
1138,1249,0.4408567873864748,1.0
686,745,0.4892172292599748,1.0
525,542,0.5977770841715657,0.0
614,631,0.48151843084178947,0.0
960,1028,0.5379095570109195,1.0
102,98,0.6034795602925036,0.0
697,11,0.4122128549920576,0.0
929,925,0.5391379647291066,0.0
644,926,0.5177750535084717,0.0
510,536,0.5526627405414783,0.0
941,1010,0.5407363333944091,1.0
1018,927,0.5662709968116164,0.0
328,403,0.5617521205687899,1.0
80,93,0.5009957809177253,1.0
1240,1236,0.487350777552196,0.0
653,700,0.5419359428641033,1.0
1057,1153,0.5822199451952641,1.0
1097,1204,0.45774105778281665,1.0
177,208,0.5015549138053046,1.0
728,193,0.446982398389729,0.0
1134,1249,0.4164756336776233,1.0
404,495,0.5076745173900488,1.0
1011,222,0.4829922996294866,0.0
1010,222,0.46314697052262715,0.0
950,926,0.5684017634590536,0.0
1074,1174,0.5950418109910228,1.0
1172,63,0.37791609923013325,0.0
1066,927,0.5808002259635838,0.0
14,13,0.6616225184046376,1.0
273,340,0.48755993347249377,1.0
1096,1202,0.4270299540056065,1.0
875,930,0.5143844410958812,1.0
963,1030,0.543978852557414,0.0
604,606,0.5143725839510684,1.0
821,1161,0.4289974103799645,0.0
885,946,0.5068347964074977,1.0
460,530,0.5038148709446914,1.0
155,190,0.5887283888124335,1.0
1150,1248,0.39189000813615554,1.0
516,541,0.5321507618052138,0.0
1121,1236,0.47964119939945055,1.0
175,204,0.5233238831804358,1.0
1017,927,0.579518822959818,0.0
100,98,0.5943744168418692,0.0
1107,1216,0.5168182137112733,1.0
