17901,18589,0.2661122527658053,0.0
17902,17961,0.24414784591286495,0.0
17903,17961,0.2962538059364509,0.0
17904,17958,0.22302332133151298,0.0
17905,17959,0.24330050744938259,0.0
17906,17936,0.21380085719638112,0.0
17907,17918,0.266138553624792,0.0
17908,17925,0.27059995196760944,0.0
17909,18431,0.19137042397807846,0.0
17910,18408,0.22760977824227752,0.0
17911,18408,0.22689691057907374,0.0
17912,17912,0.2448516633717237,1.0
17913,17914,0.16567725354756768,1.0
17914,17915,0.21999689101416353,1.0
17915,17915,0.1627956316913452,1.0
17916,18423,0.12600973653622868,0.0
17917,18428,0.1988027533697055,0.0
17918,17919,0.2015429980256977,1.0
17919,17919,0.19842865997114542,1.0
17920,18013,0.23136358047445435,0.0
17921,18013,0.17398209873153098,0.0
17922,17926,0.2003287060524521,1.0
17923,17920,0.20565491667410307,1.0
17924,17924,0.28904778509256907,1.0
17925,17925,0.3178916906238656,1.0
17926,17926,0.3218894692279407,1.0
17927,17938,0.26475004026249854,0.0
17928,17938,0.2887935742697077,0.0
17929,17929,0.30802001025337755,1.0
17930,17926,0.29514338604187573,1.0
17931,17938,0.3310940745715256,0.0
17932,17932,0.3239908300005457,1.0
17933,17920,0.22300088746677926,0.0
17934,17926,0.28510557263009595,0.0
17935,17937,0.29087303081138427,1.0
17936,17937,0.2798098010460711,1.0
17937,17926,0.31260132970602605,0.0
17938,17937,0.323151352498436,1.0
17939,18807,0.3165686871599899,0.0
17940,17926,0.2790304741331367,0.0
17941,17937,0.2617854236763295,1.0
17942,18806,0.2741235895572893,0.0
17943,18807,0.25237539841014994,0.0
17944,17925,0.29994125368684166,0.0
17945,17925,0.27513069662528283,0.0
17946,17925,0.27827667858591904,0.0
17947,18776,0.23782477484586736,0.0
17948,17918,0.24340633299908057,0.0
17949,17949,0.2134536483493784,1.0
17950,17925,0.24372973591610025,0.0
17951,17925,0.2520114486438806,0.0
17952,18328,0.2291287663362579,0.0
17953,19019,0.2114524484054497,0.0
17954,19019,0.26251354774731545,0.0
17955,19019,0.2509313812774913,0.0
17956,19551,0.25295184768927903,0.0
17957,17958,0.1809033262264868,1.0
17958,17958,0.2052434517113575,1.0
17959,17959,0.16623223286490976,1.0
17960,17960,0.2190586068454004,1.0
17961,17961,0.160694692919175,1.0
17962,18992,0.182520999688071,0.0
17963,17944,0.18109431685379898,0.0
17964,19049,0.24415602424832167,0.0
17965,18565,0.23739990852255527,0.0
17966,17929,0.35691876962909785,0.0
17967,19049,0.30619141723646176,0.0
17968,17937,0.2891424702744208,0.0
17969,18807,0.3078723343939608,0.0
17970,17925,0.268160820709859,0.0
17971,18575,0.25864435733666574,0.0
17972,18575,0.26511155673926085,0.0
17973,19019,0.2712707910408342,0.0
17974,18579,0.2760138880528084,0.0
17985,17985,0.152304953194276,1.0
17986,18497,0.19365061148532958,0.0
17987,18577,0.2186351317706215,0.0
17988,19019,0.19234617315402353,0.0
17989,19019,0.21615367458735466,0.0
17990,19019,0.12846334157375633,0.0
17991,19171,0.35399390455885427,0.0
17995,17996,0.17655592463383277,1.0
17996,18000,0.21587788948366007,1.0
17997,17997,0.18113738675363772,1.0
17998,17998,0.27944047195014465,1.0
17999,18000,0.24210863506807961,1.0
18000,19128,0.28651259078447144,0.0
18001,18002,0.2661261139163108,1.0
18002,19208,0.21128378523308827,0.0
18003,18750,0.22904996736264796,0.0
18004,18749,0.23872270004470572,0.0
18005,18000,0.223523753530518,1.0
18006,18007,0.1846683919537075,1.0
18007,19201,0.2683267613496778,0.0
18008,18010,0.33331639248847195,1.0
18009,18010,0.34711018075687217,1.0
18010,18010,0.25085540305388243,1.0
18011,18013,0.25641392811444985,1.0
18012,18013,0.3064014346428423,1.0
18013,18014,0.31482106930595605,1.0
18014,18014,0.30954725694135743,1.0
18015,18016,0.29532201994860546,1.0
18016,18020,0.3286401381075911,1.0
18017,18018,0.3310973280680678,1.0
18018,18019,0.2973942580507626,1.0
18019,18020,0.3623299027305411,1.0
18020,18020,0.28310550293662096,1.0
18021,18022,0.37234437460980696,1.0
18022,18023,0.2935882632461212,1.0
18023,18024,0.2900547146693747,1.0
18024,18024,0.2617601067742798,1.0
18025,18026,0.31248780925072783,1.0
18026,18028,0.3109620414070716,1.0
18027,18028,0.31991233365490435,1.0
18028,18028,0.25335103803523984,1.0
18029,18139,0.29391441575501925,0.0
18030,18033,0.2855674486661065,1.0
18031,18139,0.31497343829769897,0.0
18032,18139,0.3311480686990941,0.0
18033,18139,0.3412004408143273,0.0
18136,18144,0.3387718605462293,0.0
18137,18496,0.3184290984545531,0.0
18138,18145,0.3232619855296901,0.0
18139,18144,0.3347654686699056,1.0
18140,18144,0.35380161055341575,1.0
18141,18144,0.3281983500545951,1.0
18142,18145,0.30964959266070996,1.0
18143,18145,0.32854730586731834,1.0
18144,18145,0.3472963337657289,1.0
18145,18147,0.3701397833951585,1.0
18146,18147,0.3954013603335081,1.0
18147,18149,0.34613142543182984,1.0
18148,18149,0.38248296575606583,1.0
18149,18149,0.33875849754964654,1.0
18150,18151,0.29559808727084835,1.0
18151,18324,0.2978554238778459,0.0
18152,18498,0.29768282798438733,0.0
18153,18656,0.3052453810930773,0.0
18154,18328,0.15246447092101129,0.0
18155,18329,0.14921765828448183,0.0
18156,19019,0.18932484868307137,0.0
18157,19019,0.18339829413213204,0.0
18158,19019,0.14891292135876216,0.0
18159,19092,0.20592885776268363,0.0
18160,19171,0.2864071353092288,0.0
18168,18347,0.09524891948338118,0.0
18169,18499,0.14107678057098577,0.0
18170,18172,0.11996393802011386,1.0
18171,18569,0.1347756851204915,0.0
18172,18328,0.1385119597043551,0.0
18173,18174,0.1820149389966529,1.0
18174,19191,0.19178147139189647,0.0
18175,19223,0.1484891906783291,0.0
18176,19223,0.15579332990488456,0.0
18177,18410,0.18699072798433325,0.0
18178,19348,0.16330784613792715,0.0
18179,19348,0.1958537852594142,0.0
18180,19338,0.20654752821248645,0.0
18181,18769,0.16844464044743562,0.0
18182,19348,0.20060930774986097,0.0
18183,18232,0.16846161830140302,0.0
18184,18354,0.17559173696148517,0.0
18185,19335,0.1596554039848101,0.0
18186,19335,0.2187606083988661,0.0
18187,19335,0.21018136456386036,0.0
18188,18350,0.1912730521462178,0.0
18189,18271,0.2579074414778184,0.0
18190,18230,0.24437897531022348,0.0
18191,18916,0.19162748083329773,0.0
18192,18563,0.23231690587408732,0.0
18193,19208,0.19931570164797358,0.0
18194,19216,0.25053765653297905,0.0
18195,19216,0.23720649291069212,0.0
18196,19209,0.2529684219403413,0.0
18197,19216,0.2424324038810617,0.0
18198,19078,0.2589029330487185,0.0
18199,19235,0.3088714843659872,0.0
18200,19218,0.27328153472855155,0.0
18201,19049,0.22265751147220977,0.0
18202,17933,0.26595807976759567,0.0
18203,18426,0.23838015836085652,0.0
18204,18438,0.24123821252791244,0.0
18205,18426,0.2975472440366678,0.0
18206,18397,0.29123955936213575,0.0
18207,18440,0.243813090744356,0.0
18208,18209,0.2803709885697078,1.0
18209,19257,0.21525055722578307,0.0
18210,17933,0.19223492516058693,0.0
18211,18438,0.26198699127141356,0.0
18212,17931,0.26775666710029233,0.0
18213,18327,0.3589502622595472,0.0
18214,18299,0.2645138908399661,0.0
18215,18690,0.3486680240444785,0.0
18216,18343,0.2655549203529725,0.0
18217,18228,0.26232555071414004,0.0
18218,18219,0.2816227657438082,1.0
18219,18226,0.26935961316795776,0.0
18220,18309,0.3461134064165321,0.0
18221,18729,0.3014403707906057,0.0
18222,18226,0.296689587465388,1.0
18223,18223,0.22987543406206162,1.0
18224,18225,0.2539152604638023,1.0
18225,18399,0.27987637847731167,0.0
18226,18404,0.24636941583748362,0.0
18227,17938,0.275023853465351,0.0
18228,18228,0.2820616897256434,1.0
18229,18271,0.2870818194409696,0.0
18230,18230,0.31237167293145707,1.0
18231,18218,0.26280953453338984,0.0
18232,18227,0.22464726031799057,1.0
18233,18346,0.2882175673313162,0.0
18234,18226,0.26152319826975795,0.0
18235,18224,0.2858900069620649,0.0
18236,18350,0.2655287646780533,0.0
18237,18227,0.2777813957676373,0.0
18238,18228,0.2517418018005368,0.0
18239,18355,0.2467510031411991,0.0
18240,18346,0.2571082419130162,0.0
18241,17942,0.19857079269275224,0.0
18242,18426,0.24363492372224782,0.0
18243,18344,0.27725364090535265,0.0
18244,18244,0.3374434207470921,1.0
18245,18563,0.2777086988101767,0.0
18246,18245,0.28943832856587814,1.0
18247,18299,0.3150899067800974,0.0
18248,18351,0.3161558154267674,0.0
18249,18362,0.2842851591754885,0.0
18250,18324,0.2654853087549789,0.0
18251,18252,0.2327537656254316,1.0
18252,18218,0.22983133161371044,0.0
18253,18395,0.2520949954069205,0.0
18254,18397,0.20072810345255693,0.0
18255,18257,0.2434641207358546,1.0
18256,18257,0.24464911623037014,1.0
18257,18257,0.26959614101612384,1.0
18258,18259,0.30123806932741604,1.0
18259,18259,0.30409592697325966,1.0
18260,18394,0.3339390037930619,0.0
18261,18384,0.34939732773440524,0.0
18262,18404,0.27089252612657455,0.0
18263,18426,0.26264968973043495,0.0
18264,18426,0.2957107257702931,0.0
18265,18428,0.28280586125940466,0.0
18266,19188,0.28403959913575505,0.0
18267,18913,0.22968609379050592,0.0
18268,18438,0.22303579273097593,0.0
18269,19188,0.24104162718524158,0.0
18270,18349,0.22943971185464584,0.0
18271,18271,0.2310098630282198,1.0
18272,18904,0.19868845939146362,0.0
18273,18355,0.2230692128400523,0.0
18274,19598,0.1984430686259463,0.0
18275,18355,0.2142531044696264,0.0
18276,18355,0.1924753583596113,0.0
18277,19192,0.20121783972614773,0.0
18278,18434,0.217147647336631,0.0
18279,17958,0.2543339462438683,0.0
18280,18416,0.2527283791622853,0.0
18281,19336,0.23384816407354275,0.0
18282,18426,0.25239056241619673,0.0
18283,19332,0.2575947867929057,0.0
18284,18428,0.2895577305759512,0.0
18285,18384,0.23946808172895362,0.0
18286,18384,0.2796774983413591,0.0
18287,18287,0.27211715293098016,1.0
18288,18288,0.28791512041121664,1.0
18289,18289,0.2794669447782523,1.0
18290,18290,0.19834558789212833,1.0
18291,18292,0.19118814400178388,1.0
18292,18292,0.1730913487568969,1.0
18293,19223,0.1836729018702034,0.0
18294,17964,0.20989291651502778,0.0
18295,18297,0.28034299370081717,1.0
18296,18297,0.3125876601008457,1.0
18297,18297,0.3794431314497969,1.0
18298,18299,0.3130873054563333,1.0
18299,18299,0.3782743425582973,1.0
18300,18438,0.2962416903908899,0.0
18301,17946,0.3326719540969761,0.0
18302,19257,0.27675892889275516,0.0
18303,17946,0.274037947123059,0.0
18304,17947,0.23780711351438583,0.0
18305,18438,0.28684112617135804,0.0
18306,18306,0.36696844415837626,1.0
18307,17925,0.2868344272483383,0.0
18308,18351,0.28687566054155555,0.0
18309,18287,0.27366666513524107,0.0
18310,18729,0.2696324139153595,0.0
18311,19188,0.2700082269523101,0.0
18312,19197,0.24874373254019858,0.0
18313,17939,0.20982052114750366,0.0
18314,18315,0.23003190242873994,1.0
18315,17923,0.21151560805253602,0.0
18316,18316,0.2245885698636626,1.0
18317,17933,0.21074200638091434,0.0
18318,19188,0.2155889635308978,0.0
18319,17933,0.23343416083758883,0.0
18320,19062,0.2146729164578829,0.0
18321,18318,0.26846092816836453,1.0
18322,18325,0.231874417577984,1.0
18323,18323,0.24873922491555522,1.0
18324,18324,0.25912921235040215,1.0
18325,18325,0.2242651345178861,1.0
18326,18325,0.20933340936394973,1.0
18327,18328,0.1508464501587152,1.0
18328,18328,0.20507219989426734,1.0
18329,18328,0.20342619492854305,1.0
18330,18977,0.14890610459268902,0.0
18331,19171,0.2091331392015105,0.0
18342,19188,0.2293794419855347,0.0
18343,19188,0.2159551290573521,0.0
18344,19188,0.21632350711291787,0.0
18345,18345,0.26275607440582555,1.0
18346,18350,0.2969784940423057,1.0
18347,18346,0.30424188653561424,1.0
18348,18351,0.32743751739971194,1.0
18349,18349,0.3516261315914626,1.0
18350,18350,0.37198475605931025,1.0
18351,18351,0.3670021867202036,1.0
18352,18351,0.2687673718081257,1.0
18353,18351,0.20142313637490972,1.0
18354,18271,0.207884733085209,0.0
18355,18227,0.1995005347425047,0.0
18356,18356,0.20455804075309877,1.0
18357,18357,0.19149224704887488,1.0
18358,18412,0.20490827223113098,0.0
18359,18229,0.18016148634684537,0.0
18360,18360,0.2572644787413184,1.0
18361,18361,0.21804825543709022,1.0
18362,18362,0.2316371944494644,1.0
18363,18363,0.24517280310052578,1.0
18364,18390,0.18461807185683787,0.0
18365,19340,0.16667567085238855,0.0
18366,18366,0.24228814248912772,1.0
18367,19336,0.27187178535907497,0.0
18368,18386,0.2682677408362817,0.0
18369,19338,0.2936728325561597,0.0
18370,18404,0.33218041346144767,0.0
18371,18371,0.269722815025195,1.0
18372,18412,0.24855286617895878,0.0
18373,18411,0.2386485781667347,0.0
18374,18433,0.24637302387549323,0.0
18375,18375,0.21246049082087543,1.0
18376,18437,0.21219136651906706,0.0
18377,18375,0.19809071607114517,1.0
18378,18394,0.2095790272705032,0.0
18379,18437,0.20405035251420292,0.0
18380,18437,0.2086775298550928,0.0
18381,18406,0.23474307957597107,0.0
18382,18384,0.3258994942795539,1.0
18383,18385,0.35488557072640736,1.0
18384,18384,0.3575406871872492,1.0
18385,18385,0.39506869698709063,1.0
18386,18400,0.3268210637893998,0.0
18387,18387,0.3523932549919724,1.0
18388,18400,0.3024349163890292,0.0
18389,18390,0.31214307437957756,1.0
18390,18422,0.2768471605872203,0.0
18391,18437,0.24743703553067276,0.0
18392,18392,0.2666361799809549,1.0
18393,18404,0.28386163811016607,0.0
18394,18381,0.22881423517944288,0.0
18395,18382,0.20030877644744657,0.0
18396,18400,0.24387129561717397,1.0
18397,18397,0.3111515651340845,1.0
18398,18400,0.3178647656216766,1.0
18399,18384,0.3206764903195163,0.0
18400,18403,0.3327882472551267,1.0
18401,18411,0.31993914627633524,0.0
18402,19332,0.2954234225379368,0.0
18403,18417,0.2831320925658905,0.0
18404,18406,0.30308664839829363,1.0
18405,18406,0.3781250178255325,1.0
18406,18406,0.3299678867555157,1.0
18407,18407,0.3606119022329974,1.0
18408,18408,0.43477190027743784,1.0
18409,18409,0.4038296656381149,1.0
18410,18410,0.4385098200724251,1.0
18411,18411,0.3517386031192232,1.0
18412,18412,0.3808029854581078,1.0
18413,18412,0.3036151676486054,1.0
18414,19336,0.2997898731738031,0.0
18415,18415,0.3180144202467949,1.0
18416,19336,0.3115559216759408,0.0
18417,18417,0.33268568183147207,1.0
18418,18418,0.3747640838460454,1.0
18419,18419,0.3838025256363623,1.0
18420,18422,0.3118582838394286,1.0
18421,18421,0.34795505214993583,1.0
18422,18412,0.3081643657541462,0.0
18423,19332,0.28768578779647414,0.0
18424,18424,0.28871128094993903,1.0
18425,18412,0.2019542432115255,0.0
18426,19187,0.23809241557445698,0.0
18427,18437,0.2659464223180829,0.0
18428,18428,0.21975403769166668,1.0
18429,18428,0.26661724748859417,1.0
18430,18430,0.25962144211798344,1.0
18431,18412,0.23839315023202234,0.0
18432,18412,0.21693195646969887,0.0
18433,18433,0.29965406411641643,1.0
18434,18375,0.25578627827879613,0.0
18435,18435,0.24580453562412452,1.0
18436,18436,0.23476192847056065,1.0
18437,18437,0.26361883609362075,1.0
18438,18438,0.31959982888068084,1.0
18439,18438,0.26682961453264875,1.0
18440,18438,0.26419753551734937,1.0
18441,18441,0.2630002254398373,1.0
18442,18443,0.23979839449514145,1.0
18443,18443,0.25491794337867946,1.0
18444,18444,0.23615281399108626,1.0
18445,18375,0.220999067994493,0.0
18446,18447,0.2863566322547911,1.0
18447,18449,0.30694002755906036,1.0
18448,18448,0.28302631005616835,1.0
18449,18450,0.3202288056814743,1.0
18450,17950,0.23651487198472881,0.0
18451,19330,0.19139419698172067,0.0
18452,18417,0.2623597805262739,0.0
18453,18417,0.19301359127881956,0.0
18454,19336,0.17252097485009588,0.0
18455,18385,0.21996042991283213,0.0
18456,18807,0.18720485851667296,0.0
18457,18286,0.1656023950339799,0.0
18458,18458,0.14241261205766947,1.0
18459,18809,0.1509723698267223,0.0
18460,19203,0.15781620332664284,0.0
18461,18462,0.21522166459429243,1.0
18462,18462,0.18266053329286555,1.0
18463,18688,0.2620718609841337,0.0
18464,18464,0.2760599057703338,1.0
18465,18465,0.23231925474678816,1.0
18466,17966,0.2392084685638262,0.0
18467,18297,0.28833011336864756,0.0
18468,18299,0.26736215019465714,0.0
18469,18438,0.22862849556233986,0.0
18470,18228,0.1790749292667294,0.0
18471,18692,0.14475614572831513,0.0
18472,17961,0.1612912544293112,0.0
18473,17958,0.1733881754950388,0.0
18474,18707,0.17077887591971916,0.0
18475,18271,0.24813185987526296,0.0
18476,18484,0.1934114007043583,0.0
18477,19534,0.1733726859789535,0.0
18478,19533,0.13445266156903338,0.0
18479,18700,0.1800961005199473,0.0
18480,18480,0.15025483525411668,1.0
18481,18758,0.23896393737911695,0.0
18482,18482,0.24860717916255476,1.0
18483,18475,0.21867438298864533,0.0
18484,18484,0.2489454573473786,1.0
18485,18460,0.16302709496385254,0.0
18486,17961,0.16887105956422332,0.0
18487,18487,0.24456266484509726,1.0
18488,18490,0.37619733492058616,1.0
18489,18490,0.41310051247954144,1.0
18490,18490,0.4489363135136276,1.0
18491,18490,0.3518964651736707,1.0
18492,18406,0.34752469752807646,0.0
18493,18493,0.37155130240898615,1.0
18494,18494,0.3526122729974617,1.0
18495,18495,0.28120170938976385,1.0
18496,18496,0.2648996346487007,1.0
18497,18497,0.34070788217497844,1.0
18498,18499,0.348114297839993,1.0
18499,18499,0.3424057534183187,1.0
18500,18500,0.26737988252311096,1.0
18501,18501,0.21452241011140194,1.0
18502,18501,0.1969975959626361,1.0
18503,18504,0.2044721702824852,1.0
18504,18504,0.2196690753870409,1.0
18505,18504,0.21895016324767774,1.0
18506,19049,0.19985892415497253,0.0
18507,19049,0.14022447467684135,0.0
18508,18228,0.17698492413471725,0.0
18509,18228,0.25770409743277034,0.0
18510,18228,0.27250770648098344,0.0
18511,18271,0.24590412387849842,0.0
18512,18512,0.275272419029831,1.0
18513,18271,0.2689078967862376,0.0
18514,18520,0.27533050621286587,1.0
18515,18515,0.2971559390745031,1.0
18516,17948,0.2450877070874859,0.0
18517,17948,0.2883634797921482,0.0
18518,18349,0.2722716847621157,0.0
18519,18387,0.3117091880763611,0.0
18520,18520,0.23186462978337852,1.0
18521,18412,0.2268500649419783,0.0
18522,18522,0.2617617547318827,1.0
18523,19335,0.23143765735614868,0.0
18524,17939,0.2258994970163377,0.0
18525,18385,0.24128699656682698,0.0
18526,18288,0.1963702115834519,0.0
18527,18528,0.22851798220839756,1.0
18528,17961,0.2005381122960174,0.0
18529,18033,0.22468564852847792,0.0
18530,18384,0.2381011451800234,0.0
18531,18437,0.21555725457912117,0.0
18532,18406,0.24996098829003452,0.0
18533,18536,0.22957678968915168,1.0
18534,18327,0.24104782310987233,0.0
18535,18536,0.2828581264283595,1.0
18536,18536,0.37014040077652444,1.0
18537,18499,0.2386303710326779,0.0
18538,19171,0.22936588129167435,0.0
18539,19092,0.17289363989444473,0.0
18540,19092,0.17449167004540567,0.0
18550,19338,0.149415515979433,0.0
18551,19328,0.2608094941990241,0.0
18552,19336,0.29320468120660514,0.0
18553,19378,0.2578371711389887,0.0
18554,18346,0.25845797193490083,0.0
18555,18346,0.27428949218577475,0.0
18556,18807,0.2806738014933981,0.0
18557,18438,0.24760908106527327,0.0
18558,18206,0.21981182377957575,0.0
18559,18438,0.22319997532086447,0.0
18560,18438,0.2877418970889614,0.0
18561,19212,0.2530980828478676,0.0
18562,18299,0.28929540855736635,0.0
18563,18563,0.2698601293840791,1.0
18564,19222,0.3450896871439571,0.0
18565,19221,0.327230746376174,0.0
18566,19222,0.26509029840534765,0.0
18567,18288,0.23119009760009268,0.0
18568,18238,0.2177789454335791,0.0
18569,18410,0.21392174461845112,0.0
18570,18365,0.1458309156903249,0.0
18571,18437,0.15289915046522598,0.0
18572,18417,0.24996008496626657,0.0
18573,18417,0.3009084600354213,0.0
18574,17969,0.29144124440083236,0.0
18575,18575,0.2693896605447522,1.0
18576,18952,0.2527782817740373,0.0
18577,18577,0.3229582158313071,1.0
18578,18290,0.19344334802292223,0.0
18579,19487,0.1651556301914179,0.0
18587,18587,0.29199827412835533,1.0
18588,18589,0.42636812553555103,1.0
18589,18589,0.4444198996340729,1.0
18590,18590,0.3732374000467171,1.0
18591,18591,0.31063565890370815,1.0
18592,18475,0.23413447762283862,0.0
18593,18986,0.20593177842687962,0.0
18594,18905,0.21139717720146922,0.0
18595,19412,0.20356362563254315,0.0
18596,18506,0.22409363705406843,0.0
18597,18506,0.24214445160514467,0.0
18598,18506,0.25724062718998425,0.0
18599,18506,0.27992487216080975,0.0
18600,18575,0.2712517417939887,0.0
18601,18540,0.20203489485496218,0.0
18602,18540,0.22540620433596334,0.0
18603,18616,0.15943063521193696,0.0
18604,19265,0.21375745624553333,0.0
18605,18316,0.26886927815172584,0.0
18606,18288,0.2097503563213639,0.0
18607,18848,0.21435545158820246,0.0
18608,18608,0.24209561828548967,1.0
18609,18609,0.17993436943477442,1.0
18610,18440,0.18558485346751474,0.0
18611,19208,0.20553522297268756,0.0
18612,17966,0.2641491065584193,0.0
18613,18394,0.3004890473371432,0.0
18614,19257,0.2729027816298199,0.0
18615,18442,0.2806130170545729,0.0
18616,17966,0.23505375117848484,0.0
18617,18442,0.2583831619995731,0.0
18618,18427,0.2837458297244737,0.0
18619,19073,0.2682455329717248,0.0
18620,19279,0.23657458597011305,0.0
18621,19407,0.22807794983221436,0.0
18622,19076,0.24492072747565974,0.0
18623,19070,0.21891003903787307,0.0
18624,18624,0.2206830034274298,1.0
18625,18610,0.18591444634086884,0.0
18626,18426,0.19285075753601916,0.0
18627,17944,0.20813406127526157,0.0
18628,18807,0.2352504883356984,0.0
18629,18225,0.19206594713235733,0.0
18630,18630,0.2252832333367497,1.0
18631,19250,0.24525804428801645,0.0
18632,19255,0.23442739378332797,0.0
18633,18384,0.20751120930846315,0.0
18634,18637,0.1763714113386974,1.0
18635,19201,0.2122605458397786,0.0
18636,19201,0.16894701126509987,0.0
18637,18751,0.1853072947645152,0.0
18638,17920,0.18069162518663434,0.0
18639,18751,0.28820752924062165,0.0
18640,18750,0.23101220303856862,0.0
18641,17988,0.28376674765433474,0.0
18642,18750,0.18195187956020709,0.0
18643,19005,0.2550364537972075,0.0
18644,19030,0.25963111993963445,0.0
18645,18997,0.23219997768470632,0.0
18646,18804,0.2564896215667657,0.0
18647,18804,0.2677989498134459,0.0
18648,18650,0.2346699791752282,1.0
18649,17964,0.29002314932525686,0.0
18650,17964,0.33292850482207437,0.0
18651,18325,0.2932540088921622,0.0
18652,17965,0.29056167275268735,0.0
18653,17965,0.3592985558769979,0.0
18654,18437,0.33657187636605135,0.0
18655,18327,0.34054708637903836,0.0
18656,18327,0.3460282466278254,0.0
18657,18469,0.27531867113181674,0.0
18658,18394,0.22097627630703487,0.0
18659,19487,0.22766960236771971,0.0
18660,19530,0.26599026366794126,0.0
18661,19486,0.23298334261256043,0.0
18682,18209,0.22815404515295556,0.0
18683,18684,0.3085329391605515,1.0
18684,19039,0.29460507250027607,0.0
18685,18686,0.2972396976446665,1.0
18686,18686,0.29994946724917193,1.0
18687,19218,0.26459858854512863,0.0
18688,19332,0.2669799939190105,0.0
18689,18386,0.27482908159453967,0.0
18690,18289,0.25226030018462253,0.0
18691,19218,0.24953703785175024,0.0
18692,19218,0.29836753242111486,0.0
18693,19221,0.2805244190763691,0.0
18694,19218,0.27015383150088845,0.0
18695,18000,0.2744220732351519,0.0
18696,19216,0.31729189896961624,0.0
18697,19164,0.21939179611164106,0.0
18698,17937,0.25321495193305515,0.0
18699,18700,0.2581122781270626,1.0
18700,18384,0.2902471865620083,0.0
18701,18394,0.2649033435247693,0.0
18702,18221,0.2751124768873404,0.0
18703,18703,0.23570761196666312,1.0
18704,18372,0.2263864162578142,0.0
18705,19340,0.26919915847464143,0.0
18706,18368,0.33020651263028694,0.0
18707,18408,0.2766480387885226,0.0
18708,18368,0.35321129562213816,0.0
18709,18386,0.37393976286170516,0.0
18710,18406,0.380208290673835,0.0
18711,18406,0.3592106548333563,0.0
18712,18366,0.321845491306169,0.0
18713,18591,0.3060847649323387,0.0
18714,18815,0.3390464684639862,0.0
18715,17959,0.30404447127939804,0.0
18716,18372,0.32518610647653123,0.0
18717,18717,0.3036797683011536,1.0
18718,18718,0.27028619050742575,1.0
18719,18720,0.3159140241829235,1.0
18720,18720,0.36481224204324525,1.0
18721,18721,0.29204605101541525,1.0
18722,18515,0.27124375128215106,0.0
18723,17926,0.2815213445641372,0.0
18724,18576,0.2698554657730905,0.0
18725,18725,0.2944527652365727,1.0
18726,18726,0.2596550914027651,1.0
18727,18353,0.24926122798404113,0.0
18728,18234,0.2010557979296271,0.0
18729,18312,0.23759019621275573,0.0
18730,18730,0.22910993743102337,1.0
18731,19124,0.21366880553409956,0.0
18732,18732,0.22050475121223861,1.0
18733,18733,0.25272904998241075,1.0
18734,17926,0.25216090596490837,0.0
18735,18000,0.25434418887220445,0.0
18736,19218,0.19902968904100365,0.0
18737,19123,0.20676801282207724,0.0
18738,19203,0.1923979295269716,0.0
18739,18889,0.1781312700288277,0.0
18740,17926,0.1758654197861236,0.0
18741,18867,0.2137004702237087,0.0
18742,18740,0.21261820555651706,1.0
18743,18751,0.20529183937534445,0.0
18744,18889,0.21178751460353468,0.0
18745,18000,0.19317066910677105,0.0
18746,19217,0.18117042424123242,0.0
18747,19217,0.1993818528144175,0.0
18748,18000,0.21863402480778193,0.0
18749,18751,0.19577696749171025,1.0
18750,18751,0.2556351614953687,1.0
18751,18751,0.22790069359142795,1.0
18752,18750,0.2179609503889529,1.0
18753,18750,0.22591246607036564,1.0
18754,18750,0.2300404820094265,1.0
18755,18751,0.22993921501385173,1.0
18756,18748,0.225887363458613,0.0
18757,19217,0.2681775596844084,0.0
18758,19217,0.27653230519789285,0.0
18759,19270,0.22741041590017563,0.0
18760,18297,0.24825606014949148,0.0
18761,18324,0.29009927611999803,0.0
18762,18448,0.2894883012545968,0.0
18763,18428,0.30301730895249385,0.0
18764,18499,0.2844193494426442,0.0
18765,18807,0.2836813194123502,0.0
18766,18767,0.28372785772613607,1.0
18767,18767,0.23816347037159782,1.0
18768,18767,0.23469547587731107,1.0
18769,18767,0.18996341552169588,1.0
18770,19113,0.2437357886379244,0.0
18771,18771,0.2769851994997235,1.0
18772,17955,0.23197271690018217,0.0
18773,18766,0.19969050428994856,0.0
18774,18739,0.15763149367336554,0.0
18775,19187,0.19798569049340525,0.0
18776,19257,0.18094746739256534,0.0
18777,18777,0.22909609795672017,1.0
18778,17997,0.22411156015024877,0.0
18779,18440,0.2334811571572555,0.0
18780,19049,0.2394049643887307,0.0
18781,18778,0.2030593708252078,1.0
18782,19628,0.24360091263201705,0.0
18783,18719,0.2419058721672137,0.0
18784,18786,0.2117799497959157,1.0
18785,18426,0.22396438771271043,0.0
18786,18426,0.24622750936079169,0.0
18787,18807,0.2657404445516126,0.0
18788,18807,0.3080749675400237,0.0
18789,19345,0.2675869699797225,0.0
18790,19049,0.24405143196355858,0.0
18791,19053,0.2955588757026749,0.0
18792,19068,0.31596441535412273,0.0
18793,18793,0.27905784654379273,1.0
18794,18794,0.2629739854169799,1.0
18795,17923,0.31583583835473394,0.0
18796,17929,0.28860095758827903,0.0
18797,18799,0.2587694139414209,1.0
18798,18799,0.29687989567103545,1.0
18799,18799,0.26985601490870426,1.0
18800,18800,0.23458885602372326,1.0
18801,19486,0.22653859073632693,0.0
18802,18328,0.2350034432904425,0.0
18803,18579,0.2542615825028877,0.0
18804,18804,0.2545198331018109,1.0
18805,18318,0.27934787889239987,0.0
18806,18806,0.32401158818130915,1.0
18807,18807,0.30033585841619453,1.0
18808,18807,0.22570825542928052,1.0
18809,18913,0.2006207113305419,0.0
18810,18806,0.2775192545770538,1.0
18811,18811,0.2729197265316655,1.0
18812,18813,0.3363000137627289,1.0
18813,18813,0.39985928880808985,1.0
18814,18814,0.32883395600921567,1.0
18815,18815,0.33505065339343637,1.0
18816,18817,0.3103855076095872,1.0
18817,18817,0.29249838475637996,1.0
18818,18818,0.2819156876545733,1.0
18819,19421,0.29513109319565,0.0
18820,18576,0.286550471481463,0.0
18821,18312,0.25000896983911813,0.0
18822,19351,0.2549631511663997,0.0
18823,19338,0.24901262145120276,0.0
18824,18824,0.2075687056976899,1.0
18825,19530,0.2132251865641918,0.0
18826,18576,0.24414087497467657,0.0
18827,17937,0.28336308536070764,0.0
18828,18408,0.27916593176338755,0.0
18829,18829,0.3099697838200767,1.0
18830,18416,0.3095949642961471,0.0
18831,18416,0.27743574260676207,0.0
18832,18832,0.2448354308417634,1.0
18833,18426,0.2446206087626009,0.0
18834,18832,0.2528533603253062,1.0
18835,19258,0.22007688562487152,0.0
18836,18836,0.2682315867860374,1.0
18837,18393,0.2422378372032166,0.0
18838,19357,0.29097634327547833,0.0
18839,19357,0.26456376564684025,0.0
18840,18438,0.2539525711016821,0.0
18841,19405,0.2564423748564173,0.0
18842,18843,0.2590369215434237,1.0
18843,19105,0.2509295871995546,0.0
18844,18844,0.20829037829944125,1.0
18845,18845,0.23324684551676483,1.0
18846,19390,0.2604121310078207,0.0
18847,18408,0.2389617003201511,0.0
18848,18848,0.25547963210850366,1.0
18849,18799,0.2450527147417561,0.0
18850,18800,0.239925402918145,0.0
18851,18767,0.2535225066828133,0.0
18852,18824,0.2466775349552755,0.0
18853,18227,0.1610684188059752,0.0
18854,18767,0.16910710636566834,0.0
18855,18855,0.1999607830445986,1.0
18856,19528,0.23254542361021743,0.0
18857,19242,0.26179639780850344,0.0
18858,19279,0.2543479348812721,0.0
18859,19677,0.27804169687655433,0.0
18860,19277,0.3070640308908302,0.0
18861,19277,0.30126584388996147,0.0
18862,19277,0.29956312656285217,0.0
18863,19267,0.24387401267985093,0.0
18864,19068,0.25569602540990644,0.0
18865,19388,0.25583034058600485,0.0
18866,18866,0.2915483153875299,1.0
18867,19103,0.2637353485126997,0.0
18868,18316,0.2947292984232426,0.0
18869,19103,0.3578781268235113,0.0
18870,17926,0.3101944761237598,0.0
18871,18871,0.21427362948170334,1.0
18872,19207,0.2200786749364236,0.0
18873,19207,0.2027699356747852,0.0
18874,17999,0.20518617999583286,0.0
18875,19224,0.2547401057654874,0.0
18876,18213,0.2644895441980897,0.0
18877,19075,0.2523831945153813,0.0
18878,19228,0.2552945096668828,0.0
18879,18438,0.22301141499156021,0.0
18880,18438,0.23177409727400777,0.0
18881,18243,0.19854582600256232,0.0
18882,19230,0.2237219635461668,0.0
18883,18343,0.2224618740962851,0.0
18884,18906,0.22257282441956744,0.0
18885,18257,0.18778870985543006,0.0
18886,19257,0.19206425492054793,0.0
18887,19100,0.1998597306672051,0.0
18888,18888,0.2542942013428215,1.0
18889,19207,0.28683253248455143,0.0
18890,19109,0.2724655516450411,0.0
18891,19207,0.29825819256325814,0.0
18892,19213,0.2863968319775124,0.0
18893,18894,0.3020189368082426,1.0
18894,18894,0.3363103345960776,1.0
18895,19220,0.2860661619768016,0.0
18896,19237,0.26103390781846225,0.0
18897,19237,0.23693148752907633,0.0
18898,18438,0.2174051451431759,0.0
18899,19224,0.2143527029412554,0.0
18900,19164,0.20078401142846758,0.0
18901,18438,0.20319162336814453,0.0
18902,19188,0.2013175086377992,0.0
18903,18209,0.17367754233303895,0.0
18904,18400,0.19037256469551003,0.0
18905,19192,0.21880532148738402,0.0
18906,18210,0.1929193360454749,0.0
18907,18343,0.17929544949185322,0.0
18908,18327,0.17269326966339288,0.0
18909,19187,0.18973505852452227,0.0
18910,19111,0.199491547423499,0.0
18911,19187,0.1729903650299689,0.0
18912,17941,0.20383056387237633,0.0
18913,18804,0.19152936756370054,0.0
18914,18914,0.18253386300199526,1.0
18915,18236,0.23140125911985265,0.0
18916,18916,0.21809731056186382,1.0
18917,18438,0.23201398327148476,0.0
18918,18438,0.27409514860793455,0.0
18919,18438,0.2816692082625871,0.0
18920,19109,0.24761547949762566,0.0
18921,19241,0.24493773079742737,0.0
18922,19228,0.2406327834324915,0.0
18923,19325,0.21672532981153386,0.0
18924,18841,0.17388426474119995,0.0
18925,19109,0.1271107206447258,0.0
18926,18861,0.14628431816898252,0.0
18927,19109,0.18713772082593005,0.0
18928,19049,0.22456615210923314,0.0
18929,18908,0.24149446917009484,0.0
18930,19121,0.2726075203050715,0.0
18931,19100,0.23706940603094745,0.0
18932,19164,0.24673571625382554,0.0
18933,18000,0.238361904695357,0.0
18934,18000,0.2377032655427086,0.0
18935,19220,0.2465051153343064,0.0
18936,19221,0.2738303569692328,0.0
18937,19222,0.22984370421453776,0.0
18938,19188,0.2479814276425506,0.0
18939,19188,0.22221204304962272,0.0
18940,19188,0.22310021818038395,0.0
18941,19224,0.20323205844598252,0.0
18942,19109,0.19799332719624269,0.0
18943,19109,0.217824232462404,0.0
18944,18375,0.25161137910898695,0.0
18945,18375,0.26330607430958336,0.0
18946,19258,0.22210666373839913,0.0
18947,19224,0.2519128988100147,0.0
18948,18435,0.25550337269278456,0.0
18949,18384,0.3006004061176633,0.0
18950,18950,0.3044002319886525,1.0
18951,18951,0.31709457975930594,1.0
18952,18952,0.3235231834314661,1.0
18953,18577,0.22768180261599474,0.0
18954,19530,0.234564639140305,0.0
18955,19235,0.22348508935469663,0.0
18965,19099,0.2444948487321053,0.0
18966,19532,0.1844420473167998,0.0
18967,19300,0.19112480844504934,0.0
18968,19068,0.18833948828176475,0.0
18969,19258,0.21194191850199556,0.0
18970,18795,0.2235021154298617,0.0
18971,19188,0.2340266146969927,0.0
18972,18719,0.3333566450278903,0.0
18973,18719,0.3211211978960655,0.0
18974,18719,0.3271285489193677,0.0
18975,19489,0.30241456700128877,0.0
18976,19540,0.28940891733861684,0.0
18977,18579,0.3672074575225448,0.0
18978,18978,0.2947482609115156,1.0
18986,18700,0.15716657613634902,0.0
18987,19257,0.22622382348447476,0.0
18988,19129,0.22216264452690407,0.0
18989,17961,0.23715693683109154,0.0
18990,18443,0.20260716562099335,0.0
18991,19222,0.1836168446967762,0.0
18992,18806,0.21109564430480646,0.0
18993,18764,0.2525121920348808,0.0
18994,18806,0.22095336224209478,0.0
18995,17961,0.2599278050942177,0.0
18996,19114,0.268007329032218,0.0
18997,18997,0.27595833431384503,1.0
18998,18782,0.2303138136050737,0.0
18999,18997,0.2336753142038762,1.0
19000,18998,0.24456267874958315,1.0
19001,19053,0.25764005780325966,0.0
19002,18997,0.2769603021218395,1.0
19003,19015,0.23813292693022198,0.0
19004,18720,0.28170924556612886,0.0
19005,19003,0.2889036184050878,1.0
19006,19005,0.30233260641977006,1.0
19007,19051,0.3092608863810279,0.0
19008,19049,0.31257843080427533,0.0
19009,19103,0.34823722441303845,0.0
19010,19109,0.31836435613358594,0.0
19011,18806,0.32537689430294664,0.0
19012,18804,0.3446650621952491,0.0
19013,19014,0.3496196026785878,1.0
19014,18257,0.3124284014966724,0.0
19015,19013,0.3077358447208763,1.0
19016,18804,0.29587201027308213,0.0
19017,19018,0.25640614914945237,1.0
19018,18579,0.2982969726419079,0.0
19019,19092,0.29677318547975406,0.0
19026,18700,0.22745358852237732,0.0
19027,18484,0.1869189858488357,0.0
19028,19028,0.21993107935746867,1.0
19029,19029,0.25513817040367204,1.0
19030,19030,0.32033644504477543,1.0
19031,19031,0.372526587247734,1.0
19032,19034,0.33392877715257285,1.0
19033,19216,0.3222531842706384,0.0
19034,19203,0.2787185724832091,0.0
19035,18651,0.26447287043823264,0.0
19036,18651,0.2637340860153684,0.0
19037,19038,0.3025114242685952,1.0
19038,19039,0.31808010800146164,1.0
19039,19488,0.26759330878624876,0.0
19040,19489,0.30706397698224674,0.0
19041,19488,0.32026659222849363,0.0
19042,19043,0.319072505950857,1.0
19043,19102,0.34034568625888506,0.0
19044,19102,0.2978660027731148,0.0
19045,19046,0.33653564728297236,1.0
19046,19046,0.2863987819408714,1.0
19047,19101,0.29010602856416356,0.0
19048,19101,0.31657635157149844,0.0
19049,19049,0.3722708497032439,1.0
19050,19050,0.3694172076029948,1.0
19051,19051,0.35273319373875855,1.0
19052,19052,0.3569042897983905,1.0
19053,19049,0.3377327113301055,1.0
19054,19054,0.3217518435690261,1.0
19055,19052,0.2860393932755615,1.0
19056,19055,0.24334682087126913,1.0
19057,19055,0.2779358411966214,1.0
19058,19055,0.2751839635700861,1.0
19059,19053,0.26446547411852894,0.0
19060,19061,0.3004416181493381,1.0
19061,19061,0.2951933086210069,1.0
19062,19061,0.28208880483462917,1.0
19063,19063,0.3027070062535935,1.0
19064,18212,0.24250048914325775,0.0
19065,19073,0.258861586998124,0.0
19066,19074,0.22637058084006934,0.0
19067,19074,0.28516828146154893,0.0
19068,19084,0.2870932246970789,0.0
19069,19079,0.24219942205559117,0.0
19070,19079,0.25455958487023256,0.0
19071,19072,0.27730360071924276,1.0
19072,19072,0.3522053729427722,1.0
19073,19073,0.32944797712375945,1.0
19074,19073,0.3519702299395273,1.0
19075,19084,0.34548926510409417,0.0
19076,19074,0.31005884068219225,1.0
19077,19084,0.34919029861642636,0.0
19078,19084,0.34076242751760444,1.0
19079,19084,0.350596078662494,1.0
19080,19084,0.34948479025342505,1.0
19081,19084,0.33780317790162695,1.0
19082,19083,0.37561352229717676,1.0
19083,19084,0.3707849491890418,1.0
19084,19084,0.36119927671422986,1.0
19085,19084,0.3443281687004489,1.0
19086,19087,0.3365973092433027,1.0
19087,18468,0.37467645008868994,0.0
19088,19088,0.3340581284335543,1.0
19089,18416,0.3263585326004153,0.0
19090,18420,0.3061400341598799,0.0
19091,19421,0.20824047133380444,0.0
19092,19530,0.25598587223356095,0.0
19099,19261,0.1643428548047544,0.0
19100,19101,0.28399150253684863,1.0
19101,19118,0.25637353889175934,0.0
19102,19115,0.24826428848110194,0.0
19103,19119,0.2910266078458709,0.0
19104,19118,0.28131043475410955,0.0
19105,18306,0.2566865817312891,0.0
19106,19106,0.28530415657653485,1.0
19107,19108,0.24780140444246546,1.0
19108,19108,0.2771516124355863,1.0
19109,19109,0.24979203167676678,1.0
19110,19108,0.2973166494002895,1.0
19111,19108,0.28313027694522674,1.0
19112,19115,0.260018137904227,1.0
19113,19113,0.31074760263129964,1.0
19114,19114,0.3106525387986018,1.0
19115,19115,0.30751038936695263,1.0
19116,19118,0.2988056467907944,1.0
19117,19119,0.3241536986584703,1.0
19118,19119,0.2920602220074493,1.0
19119,19119,0.3203048499123042,1.0
19120,19120,0.3318045299409158,1.0
19121,19121,0.35633118763909893,1.0
19122,19122,0.4204701034582475,1.0
19123,19122,0.34363668110306467,1.0
19124,19124,0.34263833097824825,1.0
19125,19126,0.3689873094166901,1.0
19126,19126,0.42435834696436403,1.0
19127,19127,0.3358220590029631,1.0
19128,19127,0.3098457841702686,1.0
19129,19129,0.33346962206480846,1.0
19130,19129,0.3594051734593543,1.0
19131,18639,0.3215045926343084,0.0
19132,18686,0.3364488405656644,0.0
19133,19129,0.36338834976368883,1.0
19134,19133,0.3771671347814657,1.0
19135,19134,0.2786749907289324,1.0
19136,18656,0.2821187935508158,0.0
19137,18655,0.24067726720246024,0.0
19138,18499,0.22163723991241036,0.0
19139,19541,0.21616473936859384,0.0
19140,18327,0.27964031441520376,0.0
19141,18327,0.29910338559946803,0.0
19142,19142,0.2704748722197717,1.0
19143,19135,0.28131180647793763,0.0
19144,19133,0.3005658002029071,0.0
19145,19133,0.35297561857605547,0.0
19146,18686,0.3143756777972692,0.0
19147,19133,0.27920855649055054,0.0
19148,19148,0.3277755338338837,1.0
19149,19212,0.3304238360212599,0.0
19150,19212,0.3123003371913809,0.0
19151,18758,0.302701225166662,0.0
19152,19217,0.2882570594093177,0.0
19153,19153,0.32727734196207986,1.0
19154,19164,0.28129912644191324,0.0
19155,19109,0.2656381306882648,0.0
19156,19164,0.23660101940124287,0.0
19157,19109,0.28720890370154123,0.0
19158,19159,0.28744193516563943,1.0
19159,19157,0.2847898185878424,1.0
19160,19159,0.26500381677361357,1.0
19161,19121,0.25704763267689357,0.0
19162,19164,0.3393232661562916,1.0
19163,19164,0.3284277126131597,1.0
19164,19164,0.2765654152444219,1.0
19165,19164,0.2895398574927729,1.0
19166,19164,0.2874167232259719,1.0
19167,18426,0.26973759656985535,0.0
19168,18394,0.30134290962840066,0.0
19169,18394,0.2385805349937002,0.0
19170,18397,0.22727110045113097,0.0
19171,18978,0.30555194762262616,0.0
19184,18207,0.16759695464549468,0.0
19185,19185,0.2314609751248322,1.0
19186,19187,0.22022839942495614,1.0
19187,19188,0.29839197447818033,1.0
19188,19188,0.28250413506906596,1.0
19189,18807,0.220727410156969,0.0
19190,19190,0.2847947469262017,1.0
19191,19191,0.22849254396426785,1.0
19192,19193,0.23509565649382624,1.0
19193,19193,0.2703961698237663,1.0
19194,17947,0.26847781442319596,0.0
19195,18807,0.27294748702619254,0.0
19196,18804,0.24217617914832773,0.0
19197,18776,0.23177085816273085,0.0
19198,19232,0.22073789795855076,0.0
19199,19199,0.2417727231472629,1.0
19200,19163,0.2367866338868891,0.0
19201,19201,0.2904856196563921,1.0
19202,19203,0.25821704150731595,1.0
19203,19203,0.26255750555609086,1.0
19204,19201,0.2863093831172405,1.0
19205,19203,0.2294084432102539,1.0
19206,19207,0.23853912988498965,1.0
19207,19203,0.2360099778801119,1.0
19208,19203,0.2766865283948981,1.0
19209,19203,0.22654339501376453,0.0
19210,19201,0.23889916085571772,0.0
19211,19201,0.23740639609414516,0.0
19212,19203,0.27458470141898655,0.0
19213,19214,0.27981581518570214,1.0
19214,19207,0.2637796930501858,0.0
19215,19203,0.2872973871545562,0.0
19216,19207,0.286666161904629,0.0
19217,19217,0.26896380064265935,1.0
19218,19203,0.2772198965354326,0.0
19219,19203,0.2520722612850279,0.0
19220,19214,0.24183188752804885,0.0
19221,19237,0.19308663660943332,0.0
19222,18324,0.18432954430947535,0.0
19223,18209,0.18747686299460337,0.0
19224,19228,0.23345843275896644,1.0
19225,19224,0.2250905160428654,1.0
19226,19074,0.20547639146738078,0.0
19227,19074,0.2380447998398669,0.0
19228,19068,0.2539734397830915,0.0
19229,19279,0.28199559680734576,0.0
19230,19229,0.29183580545642407,1.0
19231,19231,0.2803356663182398,1.0
19232,19231,0.2628639017930545,1.0
19233,17926,0.27594290112071684,0.0
19234,19207,0.25291025894609154,0.0
19235,18893,0.2932865525830633,0.0
19236,19207,0.27073820718798103,0.0
19237,19237,0.2937336456707013,1.0
19238,19237,0.31353582792839874,1.0
19239,19239,0.3032810264176534,1.0
19240,19068,0.25346498259585915,0.0
19241,19241,0.28113403331105746,1.0
19242,19242,0.2810392719530026,1.0
19243,19237,0.2684384544774613,0.0
19244,19230,0.2645571278598833,0.0
19245,19230,0.31226021671011056,0.0
19246,19275,0.3197193103170547,0.0
19247,19253,0.29910053797146796,1.0
19248,19248,0.3215684034483839,1.0
19249,19253,0.2982947337507037,1.0
19250,19258,0.30219548674474783,0.0
19251,19258,0.3191219103889281,0.0
19252,19258,0.3042119344879327,1.0
19253,19230,0.2995693279587667,0.0
19254,19254,0.28005354888303163,1.0
19255,18386,0.28477539611760405,0.0
19256,18400,0.2653122842922482,0.0
19257,19257,0.2759229223441462,1.0
19258,18426,0.2573238149682337,0.0
19259,18426,0.3017581312955682,0.0
19260,19260,0.2809741521508134,1.0
19261,19262,0.30891663835281014,1.0
19262,19262,0.28184338731308367,1.0
19263,19231,0.25992886011377303,0.0
19264,19258,0.28562028162801856,0.0
19265,19250,0.30866714196137773,0.0
19266,19250,0.33852833275501876,0.0
19267,19250,0.35301454857835646,0.0
19268,19258,0.2920858702819467,0.0
19269,19258,0.29859061552940797,0.0
19270,19258,0.30548615254470624,0.0
19271,19275,0.32752402940487335,1.0
19272,19258,0.29981117114339484,0.0
19273,19262,0.2948499074686883,0.0
19274,19258,0.2610193373786461,0.0
19275,19258,0.29170778757605886,0.0
19276,19277,0.2889190887945152,1.0
19277,19279,0.3241501667768534,1.0
19278,19279,0.3572060867450436,1.0
19279,19279,0.33448778718120953,1.0
19280,19280,0.3181072548430151,1.0
19281,19279,0.289532551213344,1.0
19282,19277,0.2645381869023809,1.0
19283,19279,0.2682509123636777,1.0
19284,19279,0.30675844580409817,1.0
19285,19279,0.27866420771171674,0.0
19286,19282,0.26275451935192984,1.0
19287,19260,0.25730731655478034,0.0
19288,19253,0.2675379033159677,0.0
19289,19250,0.22253554273474496,0.0
19290,19250,0.25723132625130096,0.0
19291,19258,0.2516070776007778,0.0
19292,19258,0.26738574889301436,0.0
19293,19258,0.2622548656716781,0.0
19294,19258,0.24970849677016776,0.0
19295,19224,0.24217865583973502,0.0
19296,19298,0.2669525840251624,1.0
19297,19298,0.32558541516061773,1.0
19298,19298,0.31383440612402924,1.0
19299,19279,0.25185537290153215,0.0
19300,19279,0.25529266868993633,0.0
19301,19279,0.24678342521491245,0.0
19302,19302,0.2791566898610579,1.0
19303,19303,0.24521651658015686,1.0
19304,18505,0.24140978341428138,0.0
19305,19411,0.2915321563705693,0.0
19306,19306,0.27896050161377695,1.0
19307,19307,0.408413391882263,1.0
19308,19309,0.48129257098949496,1.0
19309,19309,0.4837618833106396,1.0
19310,19309,0.4670437971888696,1.0
19311,19309,0.48837719696152404,1.0
19312,19311,0.47490856417468874,1.0
19313,19311,0.4672938175353045,1.0
19314,19311,0.45926460193289276,1.0
19315,19307,0.32344792978999803,0.0
19316,19317,0.2579105312669292,1.0
19317,19318,0.24326542139569024,1.0
19318,19317,0.2991180094521223,1.0
19319,19319,0.34748982464469114,1.0
19320,19320,0.3713100394946018,1.0
19321,19321,0.3609725997891251,1.0
19322,19322,0.3601487943906693,1.0
19323,19323,0.3717925263850377,1.0
19324,19305,0.3024276210371005,0.0
19325,19325,0.36345372367102413,1.0
19326,19326,0.3068957868402594,1.0
19327,19327,0.314172374289137,1.0
19328,19335,0.3071748168867221,0.0
19329,19329,0.28792680545737853,1.0
19330,19330,0.3288437486903937,1.0
19331,19332,0.31294037966895366,1.0
19332,18408,0.3520696422100311,0.0
19333,19338,0.31564729858979246,1.0
19334,19334,0.35766168530213327,1.0
19335,19335,0.38163119277017427,1.0
19336,19336,0.33945450892129414,1.0
19337,19337,0.2554848033509667,1.0
19338,19338,0.3775079592416105,1.0
19339,19339,0.35677659256452876,1.0
19340,19340,0.3411411393180163,1.0
19341,19341,0.3599283627311566,1.0
19342,19342,0.36516937949422706,1.0
19343,19343,0.31968753576807785,1.0
19344,19344,0.2743505127497543,1.0
19345,19345,0.31305836640643525,1.0
19346,19346,0.3876065413702477,1.0
19347,19348,0.41981202776404597,1.0
19348,19348,0.32948019361432124,1.0
19349,19349,0.3216071477015243,1.0
19350,19350,0.2829246006387901,1.0
19351,19351,0.3110496021742356,1.0
19352,19352,0.3003482338298875,1.0
19353,19353,0.21211052643930023,1.0
19354,19354,0.2381757124134996,1.0
19355,19355,0.2610023327586116,1.0
19356,19357,0.2395137593117237,1.0
19357,19357,0.34124716762798146,1.0
19358,19358,0.35008869449905955,1.0
19359,19359,0.26349851133361524,1.0
19360,19360,0.31384902561708905,1.0
19361,19360,0.3282632025993237,1.0
19362,19363,0.32224443585433815,1.0
19363,19363,0.3188453043828856,1.0
19364,19365,0.3351297266989359,1.0
19365,19365,0.35861706792639514,1.0
19366,19366,0.3230040825080498,1.0
19367,19357,0.331094182411345,0.0
19368,19351,0.24235234938228642,0.0
19369,19369,0.26557250189589054,1.0
19370,19370,0.2819766832745524,1.0
19371,19532,0.2425386312175427,0.0
19372,19537,0.2700980068856941,0.0
19373,19373,0.32544416940909593,1.0
19374,19337,0.32851321937826405,0.0
19375,19375,0.36038064430384664,1.0
19376,19379,0.30800743581604517,1.0
19377,19380,0.34067467570126375,1.0
19378,19378,0.32073013888823554,1.0
19379,19380,0.3057134557040695,1.0
19380,19380,0.3510152248629319,1.0
19381,19381,0.331995552692048,1.0
19382,19351,0.2999721671532578,0.0
19383,19351,0.23939697562902582,0.0
19384,19344,0.238072632371229,0.0
19385,19342,0.25363239320066844,0.0
19386,18416,0.2902911749294927,0.0
19387,18383,0.2945159644590667,0.0
19388,18384,0.32284488909128184,0.0
19389,18384,0.3458563142813195,0.0
19390,18384,0.31270809593852067,0.0
19391,18387,0.3054596540275393,0.0
19392,18408,0.2854310988559991,0.0
19393,18385,0.26174495963905503,0.0
19394,19340,0.3222665826837904,0.0
19395,19395,0.29473555002495716,1.0
19396,19351,0.2476794730181596,0.0
19397,19397,0.2298486499990057,1.0
19398,19399,0.2341150274899123,1.0
19399,19399,0.2652289828199503,1.0
19400,18412,0.2644034428623734,0.0
19401,19358,0.23249114724993442,0.0
19402,18399,0.23036617472080873,0.0
19403,19360,0.22743312083544595,0.0
19404,18400,0.25249433570202745,0.0
19405,18399,0.24658161157152925,0.0
19406,19408,0.29286370008514595,1.0
19407,19664,0.2782759239168806,0.0
19408,19408,0.27379626942645513,1.0
19409,19325,0.25401354488796535,0.0
19410,19411,0.2405240327357706,1.0
19411,19411,0.2838020444229654,1.0
19412,19358,0.28397688101005314,0.0
19413,19358,0.24772595193090177,0.0
19414,19324,0.2631070967076983,0.0
19415,19357,0.25929977780492375,0.0
19416,19525,0.26314848601824037,0.0
19417,19525,0.274065478618704,0.0
19418,19531,0.2543608514233853,0.0
19419,19323,0.2347632333005916,0.0
19420,19535,0.2851198767114498,0.0
19421,19421,0.32227507741445505,1.0
19422,19442,0.31372014572500917,0.0
19423,19541,0.28119920366606416,0.0
19424,19525,0.24117043735737603,0.0
19425,19541,0.24986865185681228,0.0
19426,19487,0.2011447788597079,0.0
19427,19531,0.21804353088594694,0.0
19428,19531,0.18830419213667693,0.0
19429,19530,0.2339502303825695,0.0
19430,19494,0.22883657880296177,0.0
19431,19431,0.231860698506298,1.0
19432,17988,0.28521266036236786,0.0
19433,19442,0.2956415597836534,0.0
19434,19453,0.3341956166273926,0.0
19435,19535,0.33441944570574356,0.0
19436,19436,0.3088649492234408,1.0
19437,19535,0.3552255363487404,0.0
19438,19376,0.3041141956069632,0.0
19439,19053,0.3469557832230305,0.0
19440,19441,0.3688109421429763,1.0
19441,19541,0.326790683041548,0.0
19442,19537,0.3149409255697759,0.0
19443,19541,0.339758249357452,0.0
19444,18327,0.3272971442731345,0.0
19445,19537,0.3069146148044696,0.0
19446,19531,0.2500379218722137,0.0
19447,19534,0.18664792793272117,0.0
19448,18978,0.21776871291973918,0.0
19449,18325,0.2200320197948269,0.0
19450,19524,0.2522996629010372,0.0
19451,19451,0.28014827742489434,1.0
19452,19436,0.24454344327453253,0.0
19453,19453,0.23002403505586208,1.0
19454,19436,0.21903520653306752,0.0
19455,19455,0.28909547920382783,1.0
19456,19459,0.2537933399009239,1.0
19457,19523,0.28529966338072515,0.0
19458,19461,0.30670394443211757,1.0
19459,19461,0.35514785259825726,1.0
19460,19307,0.3143398326208989,0.0
19461,19461,0.32774548525010994,1.0
19462,19049,0.3367048496383169,0.0
19463,19067,0.3239161539926776,0.0
19464,19068,0.2789946264164436,0.0
19465,19541,0.2894988216224694,0.0
19466,17988,0.2828063405216974,0.0
19467,19087,0.19338559254480125,0.0
19468,19469,0.15855509139047685,1.0
19469,19250,0.19531571898855293,0.0
19470,19084,0.22406269654056743,0.0
19471,18833,0.22739539198580555,0.0
19472,18861,0.2245710843391104,0.0
19473,19473,0.2327612829283292,1.0
19474,19540,0.2192932019419881,0.0
19475,18843,0.2578273095254857,0.0
19476,19536,0.2672439829666061,0.0
19477,19537,0.23052121359124525,0.0
19478,19478,0.27398845999974986,1.0
19479,19534,0.2975378630547557,0.0
19480,19537,0.3256765927726914,0.0
19481,19534,0.2764572307268018,0.0
19482,19534,0.25640761101911447,0.0
19483,19530,0.227441302834876,0.0
19484,19541,0.30481980857101276,0.0
19485,19530,0.2514288935851552,0.0
19486,19530,0.20764792273645277,0.0
19487,19489,0.3284345247388383,1.0
19488,19488,0.2999104158017367,1.0
19489,18327,0.3016810871254969,0.0
19490,19494,0.28138277997738315,1.0
19491,18327,0.3096736023082718,0.0
19492,19489,0.22195744881628682,1.0
19493,19541,0.2772549328110101,0.0
19494,19523,0.2741477859919096,0.0
19495,18579,0.26152413626948134,0.0
19496,19487,0.30178722074942954,0.0
19497,19528,0.30243973870056245,0.0
19498,19487,0.2901851029238243,0.0
19499,19537,0.34020452319099864,0.0
19500,19537,0.3272304734762852,0.0
19501,19541,0.32645816865786526,0.0
19502,19498,0.35104327346103203,1.0
19503,19497,0.31438058319367174,0.0
19504,19494,0.29065733112392045,0.0
19505,19541,0.30349296065362563,0.0
19506,19530,0.23574640396201654,0.0
19507,19530,0.251877900816945,0.0
19508,19529,0.267726649167125,0.0
19509,19508,0.20285921328263457,1.0
19510,19510,0.26091861076183426,1.0
19511,19511,0.2274849319345373,1.0
19512,19511,0.23955972841966106,1.0
19513,19598,0.22779087889532182,0.0
19514,17989,0.18396126172092864,0.0
19515,19390,0.2530467523974157,0.0
19516,19430,0.17591894811011716,0.0
19517,19431,0.2971459939506379,0.0
19518,19518,0.21248295846028623,1.0
19519,19534,0.2383879440911364,0.0
19520,19528,0.22439727056428246,0.0
19521,19528,0.22920237982940167,0.0
19522,19528,0.24889013433419097,1.0
19523,19528,0.2400474330672236,1.0
19524,19524,0.2739915043822906,1.0
19525,19524,0.2742884064896454,1.0
19526,19525,0.29619988923475926,1.0
19527,19528,0.2996392349024913,1.0
19528,19528,0.30879926610259256,1.0
19529,19534,0.30353876243446776,1.0
19530,19531,0.26980406130345025,1.0
19531,19531,0.2992797636869458,1.0
19532,19532,0.22369296759256113,1.0
19533,19533,0.2885837152100006,1.0
19534,19531,0.32798163302641936,1.0
19535,19534,0.3285195590048756,1.0
19536,19534,0.3285081980616783,1.0
19537,19531,0.34597311406732423,0.0
19538,19538,0.3282141500368079,1.0
19539,19534,0.33505465662406153,1.0
19540,19538,0.3397842596325721,1.0
19541,19541,0.38548107031879997,1.0
19542,19053,0.30378938264631367,0.0
19543,19528,0.31098757990070125,0.0
19544,19530,0.3036234478888085,0.0
19545,19531,0.21642741437211283,0.0
19546,19600,0.29214230095090277,0.0
19547,19606,0.2885950482419251,0.0
19548,19489,0.2659265481027911,0.0
19549,19489,0.25277180850179726,0.0
19550,19067,0.18857293342400233,0.0
19551,19487,0.2517938905237051,0.0
19552,19487,0.2695795739972522,0.0
19553,18415,0.26175408273714973,0.0
19554,19487,0.23920407772467472,0.0
19555,19103,0.2769469876120556,0.0
19556,19049,0.2287522258942823,0.0
19557,19103,0.2547898314796194,0.0
19558,19103,0.23426536007948245,0.0
19559,19110,0.24520251058635067,0.0
19560,19236,0.24066526922303141,0.0
19561,19253,0.20935145287656273,0.0
19562,19162,0.20016350792534227,0.0
19563,19052,0.22676676831611547,0.0
19564,19103,0.20876855594422222,0.0
19565,19103,0.21433505042914736,0.0
19566,19103,0.21197826831904976,0.0
19567,18429,0.2378029086578739,0.0
19568,19537,0.23317875194833532,0.0
19569,19528,0.23695318958814116,0.0
19570,19541,0.22676992584112715,0.0
19571,19528,0.2433967193371859,0.0
19572,19541,0.21567702912328124,0.0
19573,19528,0.20951582359370877,0.0
19574,19528,0.23090542824757548,0.0
19575,19528,0.23735468604220178,0.0
19576,19250,0.2198516963662721,0.0
19577,19053,0.2601654213625237,0.0
19578,19541,0.26539193859768684,0.0
19579,18327,0.31968157367645644,0.0
19580,19030,0.39180627581114746,0.0
19581,18327,0.3445516640574431,0.0
19582,17989,0.31153612442676687,0.0
19583,18327,0.31666043216418416,0.0
19584,19541,0.33721426233904916,0.0
19585,18328,0.3049823544195154,0.0
19586,19537,0.35575869195425835,0.0
19587,19541,0.3918120179166289,0.0
19588,19537,0.34037085574082926,0.0
19589,19541,0.31788701928323093,0.0
19590,19531,0.2547258631615819,0.0
19591,19534,0.27569081210572965,0.0
19592,19534,0.29845938691655777,0.0
19593,19535,0.2558370734748572,0.0
19594,19535,0.26747608626310443,0.0
19595,19531,0.25512153547008654,0.0
19596,19537,0.28825015463800957,0.0
19597,19596,0.31611686683289897,1.0
19598,19541,0.33046375384660776,0.0
19599,19541,0.2879141895961951,0.0
19600,19541,0.31632167352881285,0.0
19601,19600,0.33974570651322045,1.0
19602,18327,0.3289509202122506,0.0
19603,19600,0.2945591390063164,1.0
19604,18328,0.28930605354961336,0.0
19605,19103,0.30754054025614563,0.0
19606,19067,0.3206612554378623,0.0
19607,19523,0.30001621370300724,0.0
19608,19537,0.3021633015219149,0.0
19609,19531,0.2884024483772961,0.0
19610,19528,0.30535018888856347,0.0
19611,19102,0.32463168603274917,0.0
19612,19528,0.2816925128921912,0.0
19613,19068,0.26921480244182844,0.0
19614,17929,0.23377820455398507,0.0
19615,19059,0.30548540367962784,0.0
19616,19537,0.2886990217431077,0.0
19617,19537,0.31512359499547105,0.0
19618,19067,0.28720096872184564,0.0
19619,18888,0.33769626498197297,0.0
19620,18888,0.3115446798694731,0.0
19621,18426,0.31072940913581587,0.0
19622,19541,0.3254803943165934,0.0
19623,19707,0.2827198721231184,0.0
19624,19068,0.29910687726738727,0.0
19625,18579,0.30070269426125645,0.0
19626,19051,0.30092021746567027,0.0
19627,18776,0.2805469714929022,0.0
19628,18327,0.2872808807735627,0.0
19629,18776,0.2791881328419249,0.0
19630,18579,0.291564642114827,0.0
19631,18750,0.24933904103418195,0.0
19632,18579,0.32191474950772136,0.0
19633,18327,0.2858364540737427,0.0
19634,19495,0.2675245119885412,0.0
19635,18327,0.255053246991982,0.0
19636,18748,0.22771523805292213,0.0
19637,18776,0.2063181058968072,0.0
19638,18329,0.28969815522274467,0.0
19639,18328,0.2706009838973371,0.0
19640,18538,0.17922014429240454,0.0
19641,18206,0.23017585002485386,0.0
19642,18616,0.19482806238549816,0.0
19643,18328,0.2317349666526488,0.0
19644,17988,0.27748418451360984,0.0
19645,17988,0.29731955483050165,0.0
19646,19647,0.23078829087453867,1.0
19647,19647,0.29000040844617564,1.0
19648,19647,0.29082515363911154,1.0
19649,19649,0.32063575269150457,1.0
19650,19659,0.2733693166164231,0.0
19651,19658,0.2954381708673648,0.0
19652,19659,0.24839749724535215,0.0
19653,19658,0.2587657954213064,1.0
19654,19659,0.27556300454551713,1.0
19655,19659,0.2827402898086118,1.0
19656,19659,0.29778301333703894,1.0
19657,19657,0.3118280728215211,1.0
19658,19658,0.3011482830735097,1.0
19659,19658,0.30038814616036047,1.0
19660,19658,0.28196613875326937,1.0
19661,19280,0.2650448762808057,0.0
19662,19662,0.26484835383763894,1.0
19663,19068,0.26250758377732836,0.0
19664,19279,0.2805852646910148,0.0
19665,19074,0.262377792333356,0.0
19666,19074,0.273160151310921,0.0
19667,19074,0.2760379964929006,0.0
19668,19663,0.27274493351249063,1.0
19669,19074,0.2821573877710404,0.0
19670,19278,0.28801981159284673,0.0
19671,19068,0.25952199491307226,0.0
19672,19068,0.30637264706560097,0.0
19673,19068,0.29469049199279507,0.0
19674,19610,0.2737749220156642,0.0
19675,19214,0.23088047535979922,0.0
19676,19068,0.2725806209411633,0.0
19677,18329,0.29346456041717417,0.0
19678,19068,0.27697317627557083,0.0
19679,19249,0.23950847084194204,0.0
19680,18776,0.297575369880002,0.0
19681,18579,0.2989146180541673,0.0
19682,19051,0.2775458288891477,0.0
19683,17988,0.2997647831354101,0.0
19684,18328,0.29753950022191306,0.0
19685,18327,0.2926302083454825,0.0
19686,17988,0.29638382573729416,0.0
19687,18329,0.289667437428896,0.0
19688,18329,0.2891694327375132,0.0
19689,18329,0.3039554952404947,0.0
19690,18328,0.2974398128716438,0.0
19691,17988,0.3492787686563916,0.0
19692,17988,0.24039603681776617,0.0
19693,17988,0.2971250356004128,0.0
19694,18538,0.31477365759241727,0.0
19695,17988,0.3292471405038712,0.0
19696,18579,0.29538986221200453,0.0
19697,19697,0.34186255363376095,1.0
19698,18328,0.31002963565090275,0.0
19699,19313,0.3352994365591374,0.0
19700,18576,0.2074021166745474,0.0
19701,19596,0.2574675853097875,0.0
19702,18327,0.2824443099740732,0.0
19703,19092,0.22106892757293195,0.0
19704,19719,0.2714014331515747,0.0
19705,19716,0.3566429707224612,0.0
19706,19706,0.340761535894429,1.0
19707,19707,0.28905032497966876,1.0
19708,19708,0.30537702023268,1.0
19709,19709,0.33338654770944126,1.0
19710,19710,0.3107730437388384,1.0
19711,19711,0.3622362296393322,1.0
19712,19712,0.41351946037481835,1.0
19713,19712,0.3843048045859118,1.0
19714,19723,0.31599210199851385,0.0
19715,19724,0.3262987117751509,0.0
19716,19720,0.27566730176950016,1.0
19717,19311,0.26429186624886924,0.0
19718,19720,0.2793784877609228,1.0
19719,17988,0.28652372312645513,0.0
19720,19720,0.27790818784974153,1.0
19721,19721,0.30465241960966627,1.0
19722,19720,0.30389488645502716,1.0
19723,19721,0.3315237496923297,1.0
19724,19719,0.2922444929863074,1.0
19725,17988,0.29427060364850344,0.0
19726,19720,0.24784547069610866,0.0
19727,19725,0.2794266745680063,1.0
19728,19720,0.2787323226842698,0.0
19729,19724,0.2691301129411752,1.0
19730,17988,0.26954994286289247,0.0
