0,1,0.26121221283939594,1
1,920,0.3230010549402938,0
2,3,0.577423702286179,1
3,4,0.8416055471206233,1
4,4,0.32434745918224434,1
5,4,0.2609106059064869,0
6,1287,0.44861533439094814,0
7,651,0.2570808147754214,0
8,1286,0.19496468417517113,0
9,10,0.518876752332852,1
10,10,0.7214642929727447,1
11,11,0.7888067151304972,1
12,13,0.6524786186855848,1
13,13,0.6591690453770448,1
14,14,0.3256467500537648,1
15,1280,0.1300960717394815,0
16,255,0.12441649446202303,0
17,1350,0.12783932511712318,0
18,975,0.12943024999769684,0
19,1518,0.1293331287075832,0
20,519,0.12900870596439054,0
21,1154,0.06689009919505876,0
22,22,0.13095908033727394,1
23,23,0.7852746821348132,1
24,24,0.915157219461,1
25,25,0.653077881744907,1
26,27,0.5176416810149311,1
27,27,0.45956219253537345,1
28,36,0.7768125852780011,0
29,29,0.8508154811027799,1
30,30,0.8483718793109732,1
31,30,0.5150635619573578,1
32,30,0.648198904587556,1
33,30,0.38448282739785616,1
34,35,0.5219049329685421,1
35,38,0.3918754340749633,1
36,37,0.917282752878396,1
37,37,0.7203334512450278,1
38,38,0.782696918919429,1
39,39,0.6568202465591574,1
40,47,0.5801630031566691,0
41,41,0.1969556379040042,1
42,778,0.45617280739078014,0
43,43,0.518625270012697,1
44,44,0.6439862146465937,1
45,45,0.39638637794137394,1
46,45,0.197859323789825,1
47,47,0.3920904157526498,1
48,49,0.38467648043195474,1
49,67,0.25971861624396875,0
50,36,0.1935547539285905,0
51,49,0.12939338855301222,1
52,52,0.3201127815844342,1
53,53,0.3886865320585029,1
54,1318,0.19148013163032665,0
55,812,0.13146537671127612,0
56,11,0.13045723662554168,0
57,57,0.3204819728592626,1
58,545,0.1283871305634621,0
59,1029,0.1941530477513771,0
60,127,0.3267436144775719,0
61,61,0.7227629897996009,1
62,947,0.19486914880266262,0
63,61,0.589847962789923,1
64,65,0.39001531063049427,1
65,122,0.26124364545468043,0
66,326,0.1912052478841264,0
67,67,0.38798824138315896,1
68,69,0.7107321596778354,1
69,69,0.7799164414950192,1
70,70,0.13109730773158418,1
71,172,0.1284328261427091,0
72,142,0.17583690408014668,0
73,934,0.1868785032643713,0
74,74,0.19419198910834895,1
75,75,0.36948239146416334,1
76,76,0.18989433815532056,1
77,900,0.12834168306626856,0
78,79,0.12965149570934945,1
79,144,0.25077275358829904,0
80,308,0.12972897848611997,0
81,82,0.7159354871539697,1
82,83,0.8507921168891696,1
83,83,0.7141278073631384,1
84,16,0.586239090005523,0
85,85,0.5051796050037394,1
86,87,0.2633539408536604,1
87,87,0.4573772517824905,1
88,88,0.32747202767510214,1
89,994,0.12951050933357733,0
90,652,0.18433022965523868,0
91,1448,0.1294878121340501,0
92,92,0.18779787302988457,1
93,96,0.509427309215621,1
94,95,0.5195377305520149,1
95,121,0.6925712441044005,0
96,97,0.7715661047168128,1
97,99,0.7867990309437325,1
98,100,0.7171608907575423,1
99,100,0.7233703503667928,1
100,100,0.7214735982421571,1
101,102,0.39350042704189353,1
102,103,0.657767226845496,1
103,104,0.46051563856970124,1
104,105,0.5274001822670081,1
105,106,0.7211463183839361,1
106,107,0.7826444179682456,1
107,108,0.8570369276056259,1
108,109,0.5186214119730163,1
109,111,0.8457848913915812,1
110,111,0.7808596418824602,1
111,112,0.8482381343111017,1
112,113,0.5862813445065812,1
113,124,0.5662090525312716,0
114,127,0.8263612536869818,0
115,127,0.8917569645715119,0
116,122,0.8747337670572771,0
117,127,0.8739095493573501,0
118,122,0.8178890418300612,0
119,125,0.8934812759923811,0
120,125,0.8328689154104617,1
121,122,0.7675211008329341,1
122,125,0.8411831375377764,1
123,125,0.8325769860690146,1
124,125,0.8337782121627653,1
125,127,0.9029621686107808,1
126,129,0.9012386766331321,1
127,129,0.9014973498129797,1
128,130,0.8982246962876888,1
129,131,0.8981498057347796,1
130,131,0.9043207663847429,1
131,131,0.5759499073289113,1
132,134,0.4517137297361996,1
133,134,0.45548073287725604,1
134,135,0.32855943579497415,1
135,137,0.3198855572320967,1
136,137,0.1298813436488459,1
137,144,0.12180822702873968,0
138,1073,0.12946853421180005,0
139,1073,0.19197417316536344,0
140,1073,0.19544290268290845,0
141,1073,0.19651268103325664,0
142,143,0.8451337913745246,1
143,144,0.3901083832199469,1
144,308,0.1289017915620043,0
145,147,0.25328828455618624,1
146,147,0.19039707905044218,1
147,267,0.13212424914114318,0
148,267,0.13145986597232565,0
149,947,0.12745459618239005,0
150,996,0.06615050556175824,0
151,124,0.12255955157169929,0
152,79,0.1668203243948636,0
153,947,0.19434462385869808,0
154,947,0.12817974536191357,0
155,312,0.18953720175975589,0
156,871,0.19231023318241944,0
157,1242,0.13153923621767213,0
158,315,0.32208648175230525,0
159,288,0.2585008977065841,0
160,288,0.25763283648847884,0
161,317,0.19326249738227136,0
162,321,0.25349283371708375,0
163,1331,0.12827795854905397,0
164,60,0.19035206327374515,0
165,317,0.32711017636888445,0
166,317,0.19686067651441888,0
167,896,0.12859191366774497,0
168,626,0.1842905293325713,0
169,872,0.19436326364719675,0
170,1001,0.11674383243965307,0
171,172,0.3885865661241877,1
172,881,0.25987831580766574,0
173,174,0.5215231501710381,1
174,174,0.33005589112224365,1
175,523,0.19773006022981052,0
176,177,0.13179635717548138,1
177,834,0.1989182850509357,0
178,1070,0.19358504840662816,0
179,343,0.13034664494253972,0
180,181,0.1312113393305132,1
181,276,0.2581935258812993,0
182,934,0.1838863570720826,0
183,895,0.19350107680672693,0
184,1302,0.1289970451082654,0
185,1232,0.13011323133531918,0
186,996,0.06657593964404038,0
187,1112,0.31924707215251596,0
188,1112,0.31895555273467163,0
189,311,0.3252555236204561,0
190,722,0.5811986739402443,0
191,205,0.6453560921643239,0
192,520,0.7120431632396389,0
193,442,0.39280150378131456,0
194,248,0.5218434905779487,0
195,312,0.587418238383551,0
196,313,0.64935965355296,0
197,288,0.8563637464133673,0
198,200,0.9266922262974794,1
199,580,0.7110250555179753,0
200,200,0.7261701329753805,1
201,202,0.7245738906008915,1
202,486,0.5294060764311982,0
203,313,0.1945186515189963,0
204,247,0.39534020375094536,0
205,248,0.7137012739130718,0
206,248,0.5251656341944972,0
207,205,0.3280206585771811,1
208,530,0.32415046909288137,0
209,205,0.2577044991547339,1
210,210,0.8601101843209659,1
211,53,0.3953279465395065,0
212,212,0.32945860569662216,1
213,249,0.7942843767464746,0
214,248,0.25776724921909383,0
215,740,0.26131840854169097,0
216,313,0.32866396533583825,0
217,248,0.6542744817004059,0
218,652,0.5588923388073546,0
219,219,0.5234765989600788,1
220,220,0.7902291750546061,1
221,278,0.7113624146582052,0
222,222,0.45734073262275,1
223,639,0.5611360976943035,0
224,224,0.720932618875178,1
225,639,0.698720847343672,0
226,226,0.6573439939814879,1
227,1083,0.5735872619655412,0
228,752,0.5169515748654204,0
229,230,0.26473345891797767,1
230,1084,0.19081425159198992,0
231,202,0.2547543136738362,0
232,974,0.13515393431710104,0
233,82,0.318365952130587,0
234,841,0.45999415877976796,0
235,237,0.6410548288967047,1
236,237,0.6585718565619801,1
237,237,0.5283944697950967,1
238,482,0.7172975517535329,0
239,653,0.19522365605404052,0
240,241,0.39072353223021833,1
241,288,0.13178261025744292,0
242,243,0.19812319685311613,1
243,262,0.26128613172569853,0
244,313,0.12766521996386032,0
245,1073,0.12501412472668894,0
246,247,0.13062157200280275,1
247,247,0.3905488850107475,1
248,248,0.5865611361091633,1
249,249,0.32497731680741154,1
250,314,0.13061399873813412,0
251,673,0.19257064047358632,0
252,1236,0.24979373958596376,0
253,254,0.26110051042302834,1
254,652,0.44263996255800986,0
255,652,0.3818414508312301,0
256,57,0.19894056338817648,0
257,258,0.25537451182146437,1
258,1238,0.264448399391864,0
259,511,0.2575309258591444,0
260,483,0.4479143166954903,0
261,262,0.6454463169801324,1
262,262,0.5966214526311263,1
263,727,0.39255792832273395,0
264,122,0.23971813191992664,0
265,265,0.7089038005407431,1
266,266,0.13190733825095297,1
267,267,0.19689517920139657,1
268,605,0.12828144879176123,0
269,921,0.18830264951939577,0
270,278,0.19372487516333062,0
271,272,0.32427051536538193,1
272,273,0.7817342855061878,1
273,274,0.7977310629816172,1
274,275,0.9281957898036384,1
275,275,0.8032912520747638,1
276,277,0.9372793351687478,1
277,277,0.9252525061107868,1
278,278,0.3908314669408247,1
279,222,0.33286567940483713,0
280,1282,0.389551535101811,0
281,698,0.2604072668361426,0
282,283,0.46113647300106836,1
283,284,0.8497497146550309,1
284,284,0.7986049888790321,1
285,202,0.5233310916560802,0
286,485,0.5911262966460746,0
287,288,0.32235458509044734,1
288,288,0.2626656757653443,1
289,660,0.13173385803541207,0
290,1428,0.1864329640268478,0
291,973,0.19911318192212932,0
292,26,0.5249725089967129,0
293,980,0.7096789297628403,0
294,981,0.6471352738519595,0
295,295,0.4514512505848585,1
296,296,0.5936513509596267,1
297,943,0.25681564230810944,0
298,825,0.19741007825829407,0
299,299,0.2603007105381369,1
300,300,0.4517977355579113,1
301,301,0.13017111765100858,1
302,897,0.13050339062328978,0
303,1175,0.18226627814948262,0
304,307,0.18363234038875934,1
305,1071,0.12869042553506185,0
306,1073,0.12922144113165793,0
307,1073,0.25944455880770034,0
308,308,0.31811880476724363,1
309,1083,0.19284541317484802,0
310,905,0.25676375304346455,0
311,878,0.18799589936784544,0
312,313,0.4480569295424338,1
313,313,0.9027480905223589,1
314,314,0.5837326647386722,1
315,315,0.6528224758070061,1
316,317,0.7859568619843292,1
317,317,0.8597952037259765,1
318,318,0.9144672967482672,1
319,319,0.7764357983978263,1
320,321,0.3795151577309296,1
321,321,0.7012026490255325,1
322,317,0.5855410517250478,1
323,323,0.5670616929980622,1
324,324,0.45414284781461683,1
325,325,0.39004923355287985,1
326,326,0.9237179387995758,1
327,327,0.6577535296678904,1
328,328,0.8551061609094914,1
329,329,0.6481168528094253,1
330,329,0.3912453499783347,1
331,379,0.25668233892380193,0
332,1235,0.25776161394031993,0
333,1230,0.6462883186657431,0
334,1146,0.5212477054675342,0
335,1223,0.7777611159551645,0
336,387,0.7200400466650938,0
337,1237,0.7232405669839996,0
338,1237,0.3913565271518501,0
339,372,0.2564033732321467,0
340,1237,0.38915810713488563,0
341,1146,0.19812060116161473,0
342,32,0.30547681787362635,0
343,400,0.31452615802521156,0
344,345,0.5091260166884725,1
345,345,0.8323961556042329,1
346,399,0.7649713189805624,0
347,347,0.8266269441122557,1
348,348,0.8309969002735444,1
349,1146,0.8399171696105132,0
350,351,0.7670079574259036,1
351,1146,0.7757166156136498,0
352,1146,0.9106207671711942,0
353,375,0.9152851048783319,0
354,371,0.9138218125267781,0
355,1230,0.8469673330840475,0
356,1237,0.9135753203587217,0
357,357,0.8379251332635249,1
358,1237,0.4404597469294825,0
359,29,0.7557185857027416,0
360,360,0.7009296991616718,1
361,11,0.7700954669037484,0
362,1230,0.19313495193266425,0
363,367,0.8376975718572826,1
364,364,0.823889088632341,1
365,366,0.8373136228955743,1
366,1222,0.9042169038981631,0
367,371,0.9163128189906538,1
368,371,0.9101086458323978,1
369,369,0.9073589547682491,1
370,370,0.906486021034884,1
371,371,0.7151104546734854,1
372,372,0.8831101963053053,1
373,373,0.7676351963756104,1
374,374,0.8467484508873456,1
375,377,0.9166118939660611,1
376,376,0.913658174336171,1
377,377,0.9183680759254982,1
378,1237,0.8622457435001902,0
379,379,0.9094925973957506,1
380,1238,0.5144006190367315,0
381,1234,0.8414834264379001,0
382,1234,0.9111302271851679,0
383,1223,0.9133654327781403,0
384,375,0.9099292494649059,0
385,384,0.8405006530690563,1
386,387,0.9178214031105588,1
387,387,0.9195962363869512,1
388,1237,0.9176032954169067,0
389,1237,0.9136368997989098,0
390,390,0.8415768695115757,1
391,391,0.8499212830160287,1
392,392,0.7781573760398611,1
393,16,0.585754337910673,0
394,395,0.7008199158924222,1
395,16,0.6438651811324542,0
396,16,0.6432737662482663,0
397,397,0.6422627565742223,1
398,398,0.8376178285878652,1
399,399,0.8400982725013926,1
400,400,0.7701471596718118,1
401,401,0.386043564488922,1
402,402,0.5707984231291571,1
403,403,0.4424132476053163,1
404,404,0.3186544676455651,1
405,405,0.57585645377672,1
406,979,0.6324299611363168,0
407,980,0.8339607935800634,0
408,413,0.6455624093924973,1
409,409,0.7815925498024322,1
410,410,0.850051510894959,1
411,411,0.9267106303551056,1
412,413,0.5929616215086547,1
413,413,0.8572774489562468,1
414,414,0.6545323904539836,1
415,414,0.5843967962072588,1
416,37,0.5158436871999775,0
417,37,0.6476245987648669,0
418,419,0.391538881970921,1
419,68,0.4413933727578821,0
420,489,0.5103564385559867,0
421,582,0.3807500606777537,0
422,423,0.3209136217775095,1
423,69,0.31133037391499047,0
424,68,0.321907772571251,0
425,69,0.3211535750479485,0
426,996,0.13056073338752788,0
427,1341,0.12868564586273548,0
428,125,0.2555179382740805,0
429,429,0.32451174763850477,1
430,69,0.1959077282620827,0
431,1337,0.1283744410225787,0
432,434,0.132046260662424,1
433,67,0.133563722800377,0
434,435,0.397948060283789,1
435,435,0.2628161495654208,1
436,727,0.26413943091005904,0
437,226,0.06655236791914823,0
438,639,0.39142329704707374,0
439,277,0.19499880676646172,0
440,57,0.2580178466766492,0
441,69,0.3902869443615099,0
442,69,0.13104015980240288,0
443,897,0.06637415095793352,0
444,731,0.12795377755660708,0
445,919,0.12294797690858587,0
446,908,0.12927702157188276,0
447,126,0.1964065429393511,0
448,624,0.19761102514027235,0
449,69,0.38919515384323417,0
450,1114,0.1274069391445106,0
451,441,0.18929930684705468,0
452,640,0.18946133370428747,0
453,67,0.3256557978130342,0
454,67,0.26468176976038105,0
455,458,0.9282989363534667,1
456,458,0.9330201922029007,1
457,458,0.9321822108179603,1
458,458,0.8565607654770634,1
459,459,0.9268516569782909,1
460,460,0.9286135255268493,1
461,461,0.8423012471120085,1
462,462,0.44062632290446874,1
463,465,0.2530942438244172,1
464,464,0.5167716731295168,1
465,465,0.6927079458542778,1
466,466,0.315442324143144,1
467,277,0.19446835403943538,0
468,1047,0.1782345893144664,0
469,278,0.19387297300699607,0
470,1070,0.1322803535447357,0
471,1070,0.13104059272341811,0
472,835,0.19744012923753143,0
473,926,0.13165386937961351,0
474,474,0.13283983863286922,1
475,313,0.3332377019746353,0
476,69,0.45942952503136875,0
477,313,0.3961948258227069,0
478,313,0.5275458644423043,0
479,479,0.7892212420316019,1
480,480,0.9256753873628317,1
481,202,0.7195454171936738,0
482,482,0.8548922705893094,1
483,483,0.7266485675412772,1
484,284,0.7213653975690482,0
485,486,0.854036371031176,1
486,486,0.9282501518734837,1
487,487,0.8682008719178074,1
488,488,0.5929945181131397,1
489,489,0.9353175806158954,1
490,24,0.6536212785120438,0
491,24,0.5793022310439933,0
492,557,0.19541882812636832,0
493,1238,0.2615991257408048,0
494,489,0.7809056194264922,1
495,69,0.2622809607794337,0
496,69,0.2585272341188237,0
497,996,0.5250062615719571,0
498,498,0.5195428328843591,1
499,882,0.32748587514874794,0
500,882,0.3308491107626179,0
501,541,0.44978182013351303,0
502,503,0.324253672964989,1
503,503,0.5164574100662913,1
504,905,0.06623653742924022,0
505,79,0.12244296302432645,0
506,1073,0.3178844769727248,0
507,523,0.1255926605189824,0
508,1239,0.2618344808345145,0
509,509,0.8554538182715182,1
510,1243,0.5926341802570034,0
511,511,0.8525161976672565,1
512,489,0.7185742796336881,0
513,513,0.7275316696239197,1
514,247,0.5899234170165911,0
515,69,0.3287715332823554,0
516,69,0.5236524213289132,0
517,69,0.19947105559279166,0
518,57,0.326184181892523,0
519,557,0.13243380455185805,0
520,520,0.25208033839158944,1
521,526,0.13187806458041534,1
522,921,0.2625776340888963,0
523,881,0.3882371655570274,0
524,524,0.13303478151152198,1
525,524,0.3181918153128299,1
526,462,0.13100191659964686,0
527,1577,0.18117760309468853,0
528,183,0.12928316125132253,0
529,68,0.13062170333033193,0
530,278,0.3162044095909895,0
531,69,0.3955864041590994,0
532,532,0.787273073494711,1
533,533,0.7825732499544834,1
534,533,0.13130747077446206,1
535,1313,0.06701218549959118,0
536,1419,0.06567173758163455,0
537,73,0.1300762632233266,0
538,547,0.13017340947037787,0
539,540,0.19604169187821624,1
540,541,0.8523599511003532,1
541,541,0.7178475156935354,1
542,543,0.26595082603861536,1
543,543,0.26070791864397097,1
544,289,0.13206850333837053,0
545,934,0.12005133603166486,0
546,1214,0.12736449866166755,0
547,474,0.19422601394913402,0
548,548,0.13170590415743524,1
549,549,0.19380867355379758,1
550,652,0.3177593908741226,0
551,161,0.19872674763970027,0
552,1208,0.12850172505223087,0
553,655,0.13144646379679276,0
554,744,0.12834773480540515,0
555,1349,0.13075793937746935,0
556,394,0.12997087987884745,0
557,558,0.19899869196428907,1
558,559,0.2661522379018212,1
559,559,0.39548076524282366,1
560,560,0.25749152017735083,1
561,513,0.32869233633982786,0
562,980,0.26190788825163225,0
563,979,0.4533977122387859,0
564,29,0.8465199653658644,0
565,722,0.5897636922422062,0
566,722,0.39212793903939813,0
567,994,0.4516042182375345,0
568,1287,0.26206119679483775,0
569,61,0.3869994709178305,0
570,61,0.38826609174016735,0
571,124,0.25561815361810797,0
572,126,0.25494167554300745,0
573,994,0.19989555063598202,0
574,574,0.3290010248012963,1
575,69,0.1968403774297308,0
576,1266,0.19691061023564407,0
577,1239,0.19615531511029052,0
578,69,0.13262652433818053,0
579,69,0.2638518490124258,0
580,580,0.2588118731337355,1
581,581,0.3872582454498727,1
582,582,0.39285601773615125,1
583,1233,0.19533273923034025,0
584,584,0.1942760645355211,1
585,127,0.12693965006074398,0
586,587,0.13145329249810234,1
587,1112,0.24806559726850347,0
588,105,0.06753286030909185,0
589,187,0.1275269205696878,0
590,1350,0.1306649527788331,0
591,124,0.19389674386565656,0
592,1310,0.1281412615138656,0
593,1310,0.12372556787222352,0
594,570,0.1304354017049298,0
595,120,0.32122746160423515,0
596,601,0.3892491007884885,1
597,601,0.19869803505815217,1
598,601,0.19707912801746788,1
599,122,0.26008505835699064,0
600,122,0.39042674998357124,0
601,601,0.7257841866538458,1
602,602,0.4574379947975665,1
603,603,0.3938350322098616,1
604,604,0.3927699377953463,1
605,605,0.5193188664153425,1
606,606,0.2626369184602908,1
607,610,0.1273815744635447,1
608,443,0.12580619909765922,0
609,137,0.06578536167091606,0
610,213,0.1320601532801216,0
611,1483,0.130345708088695,0
612,886,0.12675260405885153,0
613,529,0.13080691647174764,0
614,615,0.6477458056305174,1
615,615,0.721404590141226,1
616,616,0.7276208786096822,1
617,616,0.7872556556720252,1
618,618,0.7087794563724643,1
619,619,0.5213656527723161,1
620,620,0.5130250459483379,1
621,266,0.2559891564804898,0
622,622,0.3251341953834958,1
623,618,0.5552522765644908,1
624,624,0.5213093417392862,1
625,625,0.32794594512696473,1
626,626,0.4472371177300441,1
627,127,0.3228161508014162,0
628,628,0.39179001536366626,1
629,629,0.5147148092699758,1
630,622,0.3256185662620062,0
631,631,0.71987093769191,1
632,632,0.39530405760286075,1
633,313,0.3950624472430317,0
634,208,0.13264460932512953,0
635,729,0.32356947960162313,0
636,673,0.31994588037703425,0
637,997,0.19915113240493756,0
638,638,0.5900334273232033,1
639,639,0.44261815275431554,1
640,640,0.32268514132583836,1
641,641,0.6435693407586535,1
642,278,0.713572838583431,0
643,643,0.7102303079140533,1
644,544,0.13181690225069698,0
645,698,0.12807660966260653,0
646,921,0.19497229613944977,0
647,278,0.1949487048569767,0
648,4,0.6387873260030178,0
649,722,0.7838754452626358,0
650,720,0.7759143687997725,0
651,651,0.9339201779427463,1
652,652,0.9127337280420244,1
653,653,0.7232040711256674,1
654,319,0.5746324961966892,0
655,319,0.5862071774939294,0
656,318,0.5741302275810009,0
657,657,0.26443443948978984,1
658,201,0.255201586014559,0
659,68,0.2570529196615263,0
660,660,0.4538728967564013,1
661,202,0.4595390280505297,0
662,482,0.45695233254001477,0
663,842,0.3844861480064924,0
664,664,0.5938932575650332,1
665,727,0.5191237208479869,0
666,711,0.32173718805204443,0
667,32,0.3206993361541285,0
668,668,0.3829086790815967,1
669,975,0.1975633767066251,0
670,964,0.1939700702658653,0
671,1097,0.254099887612521,0
672,672,0.12983980605396428,1
673,977,0.12933203915781294,0
674,1232,0.18845661317242016,0
675,978,0.1992589460417367,0
676,122,0.31865990200988914,0
677,979,0.3926869815770626,0
678,980,0.3900307416254941,0
679,979,0.45329575383419,0
680,979,0.4556851970273236,0
681,979,0.26015052522562987,0
682,124,0.32026958596645694,0
683,127,0.3198123124455779,0
684,61,0.380685850369062,0
685,131,0.1960523023891734,0
686,127,0.2600821308033728,0
687,691,0.26155497287101065,1
688,129,0.1971416509868618,0
689,691,0.3873654410627914,1
690,690,0.6591918111404519,1
691,747,0.31828453837684084,0
692,133,0.25409657262003055,0
693,693,0.3916108060077203,1
694,275,0.5229329443214701,0
695,276,0.5168193919747038,0
696,696,0.5276629958118787,1
697,326,0.2638398581873877,0
698,698,0.2603703797592991,1
699,701,0.2603917714636484,1
700,1282,0.3890633640863396,0
701,313,0.5747869495963585,0
702,702,0.39101782237408994,1
703,255,0.31559435406848424,0
704,52,0.25520919410338466,0
705,312,0.2591322366874841,0
706,837,0.32422328460728816,0
707,311,0.19351300689450374,0
708,737,0.2551373929700755,0
709,37,0.5873040172273004,0
710,29,0.64834812303595,0
711,32,0.3224606597690633,0
712,29,0.3890754995566327,0
713,720,0.2609550907983832,0
714,720,0.5229810569089524,1
715,715,0.457969295021145,1
716,719,0.39166630142310427,1
717,717,0.5218175752463097,1
718,719,0.46022727424276466,1
719,992,0.6500186933421535,0
720,720,0.7967548351775268,1
721,721,0.3947824068771321,1
722,722,0.39592273704374287,1
723,723,0.4572951651428617,1
724,724,0.5896826244870436,1
725,725,0.7881386831101725,1
726,726,0.39192589260776856,1
727,992,0.2619354200307597,0
728,255,0.25195727657023265,0
729,486,0.25462993461250977,0
730,313,0.3197692978589418,0
731,731,0.1982607543151767,1
732,730,0.19394576013970458,1
733,740,0.1932033712941816,0
734,734,0.2624210699994968,1
735,738,0.4576367972282685,1
736,726,0.3866105902608938,0
737,738,0.3269903127155317,1
738,738,0.5932578757363799,1
739,313,0.38407948236186823,0
740,994,0.3828318983971807,0
741,283,0.32473777841098833,0
742,67,0.7887860130110231,0
743,744,0.7837512481188942,1
744,744,0.7199607442802931,1
745,745,0.32895876288336995,1
746,313,0.19460265434039656,0
747,1038,0.12986735040401537,0
748,605,0.13156465304296747,0
749,882,0.13190607720311318,0
750,750,0.1310109716117481,1
751,746,0.0669306863231289,1
752,752,0.32378391523847533,1
753,729,0.2564752404964543,0
754,167,0.19718391731844465,0
755,559,0.19558747734724405,0
756,1230,0.26070444944620913,0
757,511,0.195901753879201,0
758,1234,0.19999565525964394,0
759,366,0.45237329860184783,0
760,1218,0.5894442443743302,0
761,761,0.5250579333626518,1
762,366,0.518730161874019,0
763,763,0.39248416331324965,1
764,766,0.5792252581635211,1
765,766,0.6556560495657612,1
766,766,0.5245512076075564,1
767,767,0.3959341200151806,1
768,766,0.328629360887527,1
769,770,0.3931858740379864,1
770,770,0.19507473653232626,1
771,770,0.19410751948995783,1
772,772,0.25809559912369034,1
773,773,0.19410993392211084,1
774,773,0.19318987715104666,1
775,775,0.4538700269321812,1
776,977,0.45849261152231896,0
777,777,0.5848994048960592,1
778,127,0.44937069206071883,0
779,992,0.576868362703901,0
780,991,0.5857411751333367,0
781,652,0.4366443912416054,0
782,652,0.37833188992658445,0
783,313,0.38830488623929255,0
784,200,0.259452946044823,0
785,979,0.4575721682434849,0
786,991,0.65821849361113,0
787,991,0.6462384015209943,0
788,990,0.7771426440232968,0
789,991,0.7054602947450437,0
790,1223,0.44127010982402165,0
791,991,0.3190236354549478,0
792,108,0.19308879887369576,0
793,993,0.32282629966785154,0
794,991,0.31979334799138875,0
795,992,0.4480896878391612,0
796,726,0.3853564629002334,0
797,798,0.3847895500361174,1
798,798,0.2577002944515599,1
799,1026,0.31661997521328944,0
800,800,0.38366603631274226,1
801,801,0.25700018585055895,1
802,802,0.1939452261060708,1
803,717,0.06746796995065169,0
804,975,0.1334141657631261,0
805,674,0.12685714796951295,0
806,61,0.196106329150544,0
807,807,0.26290445067355095,1
808,810,0.19400865304111609,1
809,1004,0.26248220386336724,0
810,1004,0.32672943418845063,0
811,1004,0.3280814064552979,0
812,1083,0.19391337582583673,0
813,1347,0.18461572855048128,0
814,1071,0.1292869825005982,0
815,1083,0.19460087998073616,0
816,1302,0.1895041593078633,0
817,1126,0.3157280121167166,0
818,1117,0.19153707579142493,0
819,940,0.25685675786696416,0
820,1067,0.19428955041845208,0
821,1065,0.13308937393335113,0
822,1099,0.1923753916680702,0
823,824,0.19675596958583336,1
824,1273,0.18953097080591474,0
825,1068,0.19837708048935568,0
826,1068,0.1315310087745176,0
827,1594,0.12420215872722677,0
828,832,0.13133811754510405,1
829,1071,0.13009311097667003,0
830,832,0.1318392451542758,1
831,832,0.13118558219908988,1
832,833,0.13182886620612513,1
833,833,0.2622669724781857,1
834,696,0.3170737375440447,0
835,1009,0.19925244052914706,0
836,1235,0.18410179618003603,0
837,812,0.31991588403398336,0
838,83,0.19713330631726164,0
839,737,0.25540827044261993,0
840,841,0.3295233861772881,1
841,841,0.4532697267220588,1
842,842,0.39485087600140795,1
843,843,0.2612959424751856,1
844,844,0.25916175880734044,1
845,265,0.19183951952603187,0
846,1341,0.13104106604097576,0
847,128,0.12953314196865456,0
848,257,0.1300529523558565,0
849,276,0.39202713453327903,0
850,1083,0.32525177241602904,0
851,1083,0.25998818084552977,0
852,853,0.25556114698481713,1
853,277,0.3894362905023399,0
854,1083,0.2569341890005455,0
855,994,0.2569843091763869,0
856,727,0.1307076510582633,0
857,970,0.19799927710896573,0
858,24,0.25266898213486,0
859,67,0.19373462179990017,0
860,513,0.12791086165491544,0
861,1126,0.1288072776222446,0
862,969,0.13159930921643803,0
863,1449,0.1930711441174586,0
864,87,0.1296308938173441,0
865,865,0.1927809552372757,1
866,1112,0.1926513316220384,0
867,870,0.18976770984513897,1
868,1112,0.19116215899890962,0
869,1058,0.2500006564669184,0
870,68,0.25658439757931994,0
871,871,0.4437371573596765,1
872,872,0.4484719308102928,1
873,873,0.19308587676906858,1
874,874,0.19480669847194484,1
875,1070,0.13289433174627738,0
876,127,0.193242301114341,0
877,127,0.1936817448616796,0
878,880,0.5095478503797094,1
879,881,0.37972543214579524,1
880,881,0.5094753480861499,1
881,882,0.5184314123669372,1
882,882,0.7791767241669029,1
883,883,0.9324838247055378,1
884,883,0.1298914570770119,1
885,1131,0.06704161526458272,0
886,1546,0.1277773224832848,0
887,887,0.1319303201125397,1
888,979,0.4487677503934903,0
889,980,0.38681367981665116,0
890,981,0.5211663244410669,0
891,990,0.6484554704718228,0
892,991,0.7874125898419365,0
893,991,0.7793870324725256,0
894,992,0.7125750643691339,0
895,652,0.31416929739118343,0
896,896,0.19548844542897317,1
897,897,0.13384690525668516,1
898,536,0.06628092666281897,0
899,821,0.06767071654001613,0
900,900,0.06639213909915308,1
901,744,0.19872724022722882,0
902,908,0.19412850861009184,1
903,127,0.19061237402125736,0
904,273,0.3183890934780889,0
905,128,0.1911175066612018,0
906,122,0.2484922118781679,0
907,224,0.19210781363470314,0
908,622,0.19051964878469344,0
909,1018,0.1926445629392935,0
910,278,0.2522698620545009,0
911,124,0.3207776409774667,0
912,124,0.2577102424817535,0
913,126,0.19466777323995357,0
914,880,0.1940927275543559,0
915,124,0.32118982227208065,0
916,1035,0.1308665456441757,0
917,605,0.26475770145836464,0
918,605,0.19631390996208833,0
919,1038,0.3282556392371762,0
920,1038,0.1319308147798494,0
921,605,0.1316188662267596,0
922,831,0.13303436816606012,0
923,1538,0.06728642960056434,0
924,919,0.12853365530161273,1
925,925,0.13217138229092454,1
926,1038,0.196774752785784,0
927,727,0.328935729048755,0
928,928,0.19748472904824624,1
929,727,0.19806749670625504,0
930,846,0.19764616118075942,0
931,606,0.19658504812661162,0
932,966,0.06672942256370337,0
933,71,0.1250381350730397,0
934,934,0.2633193895238877,1
935,686,0.13236200136647838,0
936,1232,0.3218690939309515,0
937,937,0.31728521666455195,1
938,941,0.2591760521585731,1
939,940,0.7865915818153316,1
940,940,0.2636202688220126,1
941,947,0.2543385271936916,1
942,942,0.258824872466692,1
943,127,0.19312610948964787,0
944,1037,0.18875981082621537,0
945,947,0.1958885707445024,1
946,947,0.32209509666107106,1
947,947,0.32234114753062515,1
948,948,0.38087818787868816,1
949,912,0.1916486738497468,0
950,950,0.19866528278361079,1
951,951,0.1322644257398115,1
952,988,0.1304276097333974,0
953,127,0.13256242298862764,0
954,991,0.19762138777351695,0
955,994,0.19672361425359483,0
956,958,0.19874764691688007,1
957,957,0.13305064947173822,1
958,958,0.13350832463637732,1
959,994,0.3274132371277633,0
960,980,0.3895481921744318,0
961,981,0.38331487645166934,0
962,961,0.19873451012789692,1
963,964,0.26502732602678003,1
964,964,0.2645477890456775,1
965,965,0.13416402204252312,1
966,969,0.1966956941979454,1
967,965,0.06757209053997168,1
968,969,0.13260744134376573,1
969,970,0.1314251903643863,1
970,969,0.0675023487173787,1
971,969,0.13181711252134698,1
972,975,0.13082802012516329,1
973,974,0.19707411200274536,1
974,995,0.2590419831107505,0
975,975,0.2637311269634978,1
976,970,0.13353298673216946,0
977,979,0.5868637487291309,1
978,979,0.7775540069277439,1
979,979,0.8994632909792882,1
980,981,0.7222007857082712,1
981,981,0.85395269095087,1
982,982,0.8527916381841594,1
983,982,0.7272504357505348,1
984,984,0.5951779091420549,1
985,985,0.5918821562371125,1
986,986,0.5290768814977349,1
987,991,0.5872078788293523,1
988,990,0.5178078341843165,1
989,991,0.5235031384435979,1
990,992,0.5874201412623805,1
991,992,0.6543367386640909,1
992,995,0.8481598130547902,1
993,995,0.7867685428459774,1
994,994,0.6534147140521054,1
995,996,0.9123516370900611,1
996,996,0.791902835493745,1
997,997,0.5905971561753971,1
998,999,0.12985586868170124,1
999,999,0.3258290044320654,1
1000,474,0.12605543895989188,0
1001,1158,0.06738663840830042,0
1002,1346,0.12820737804281337,0
1003,1071,0.1936559836808363,0
1004,58,0.19453597833234168,0
1005,1009,0.19509883970106007,1
1006,67,0.19676127437515833,0
1007,1009,0.1956285140268244,1
1008,1008,0.522186329659554,1
1009,266,0.38055103692436715,0
1010,1038,0.18941537966147468,0
1011,1026,0.19613874826265348,0
1012,1025,0.1309477491169538,0
1013,735,0.25692452470551286,0
1014,1014,0.25782070937670387,1
1015,1015,0.5141073043310155,1
1016,1071,0.19531615445956477,0
1017,1017,0.19706151294162697,1
1018,3,0.260358795376934,0
1019,950,0.12937863783854392,0
1020,57,0.1952224564162401,0
1021,435,0.25785300710618725,0
1022,57,0.39272221032155447,0
1023,67,0.3941657917972714,0
1024,67,0.26394219847928885,0
1025,1022,0.2533036941413148,1
1026,69,0.3915424456916495,0
1027,1027,0.7213411133084551,1
1028,914,0.19392527912923543,0
1029,738,0.3871368930397398,0
1030,1030,0.5231947682344438,1
1031,1031,0.45733500649325765,1
1032,908,0.1321667383578467,0
1033,69,0.19783402404905995,0
1034,128,0.19417665584605223,0
1035,130,0.1932135644399781,0
1036,132,0.1317007563454664,0
1037,606,0.3203353988548713,0
1038,1038,0.19632213712530708,1
1039,1039,0.1950491682135246,1
1040,1044,0.190960451529839,1
1041,1040,0.19337056174236064,1
1042,509,0.12697494815390928,0
1043,1039,0.2584985442935798,1
1044,1040,0.13097121589449304,1
1045,277,0.12892945950561355,0
1046,465,0.19431130971943653,0
1047,328,0.13075812210078622,0
1048,328,0.13163101086367707,0
1049,206,0.19062706593434647,0
1050,74,0.1295546205331934,0
1051,1283,0.12976034900526137,0
1052,1009,0.13238376135157967,0
1053,74,0.19510378764533298,0
1054,830,0.13220496964965908,0
1055,1471,0.185384508335013,0
1056,133,0.19355118062515045,0
1057,921,0.19375767328742485,0
1058,1058,0.32587437748433146,1
1059,1059,0.2572237280495115,1
1060,1083,0.4527975118119579,0
1061,1061,0.3188899084329093,1
1062,1015,0.3171417192504605,0
1063,1063,0.3909188580426566,1
1064,1064,0.5864463669133376,1
1065,1065,0.32303347880073996,1
1066,1066,0.2606644713894132,1
1067,1068,0.3898619344451875,1
1068,1068,0.26221768882113794,1
1069,1069,0.2613213460638883,1
1070,1070,0.7138992770060596,1
1071,1071,0.3201440113793326,1
1072,1072,0.1947215540014773,1
1073,1073,0.4432244194946745,1
1074,1074,0.4543220629307622,1
1075,582,0.12800890857739186,0
1076,1076,0.6351149272762654,1
1077,1077,0.3187007423100862,1
1078,1079,0.1954258568397656,1
1079,1080,0.3221116757993495,1
1080,1081,0.32185210005478204,1
1081,277,0.3217231898229394,0
1082,69,0.19304708378687016,0
1083,1287,0.18930926082554556,0
1084,1084,0.724200590027454,1
1085,29,0.5138430905701467,0
1086,1086,0.39175575918941724,1
1087,16,0.19548817051443365,0
1088,1607,0.13284899945499098,0
1089,655,0.11871817381666906,0
1090,396,0.12845994343650793,0
1091,1185,0.12595969264438397,0
1092,993,0.1303387494510633,0
1093,81,0.25847241655372166,0
1094,601,0.13190265004349064,0
1095,127,0.19377001589129134,0
1096,1224,0.18850291194733634,0
1097,1097,0.19737448190271548,1
1098,1232,0.18790957471455508,0
1099,987,0.19715849917255537,0
1100,1102,0.19493321567123756,1
1101,126,0.39103598693214586,0
1102,1102,0.4583668232661409,1
1103,1287,0.12839781419367954,0
1104,982,0.13165379894641704,0
1105,1106,0.13102646725005354,1
1106,1232,0.18830615917455495,0
1107,616,0.25204829312226584,0
1108,1346,0.1911001545642058,0
1109,237,0.12979081326525177,0
1110,719,0.1292548919617615,0
1111,1128,0.06758040993273194,0
1112,1129,0.06707001650664794,0
1113,907,0.13246489619068053,0
1114,128,0.1956437670593148,0
1115,947,0.13193769953470644,0
1116,947,0.13060053357564907,0
1117,948,0.12871427602371013,0
1118,62,0.06784129374043697,0
1119,1096,0.06721782704948753,0
1120,983,0.12897700388945227,0
1121,82,0.18780928245235048,0
1122,1122,0.1969667277285934,1
1123,972,0.13281037336237406,0
1124,1580,0.06734118266845694,0
1125,1125,0.13294775359240102,1
1126,1125,0.06736825680007388,1
1127,1128,0.19851233681671626,1
1128,673,0.19019094259374875,0
1129,1129,0.13323769889514941,1
1130,1130,0.2644752337393134,1
1131,1299,0.19312489865863386,0
1132,982,0.5826408238978369,0
1133,991,0.5749397378414047,0
1134,991,0.4454041418865761,0
1135,991,0.5044744491103169,0
1136,122,0.18696759716035263,0
1137,988,0.2586407041508219,0
1138,1140,0.19553971140405796,1
1139,988,0.1316869561430181,0
1140,1140,0.1315288659561951,1
1141,1566,0.1309747905022778,0
1142,102,0.0675333926470076,0
1143,9,0.12881514350365728,0
1144,351,0.06789534943492043,0
1145,1146,0.3861459201202502,1
1146,1146,0.5846986463896674,1
1147,993,0.32602910777795885,0
1148,991,0.13108366395534846,0
1149,118,0.0674554566390381,0
1150,110,0.13028700731309886,0
1151,719,0.12799356117717706,0
1152,1617,0.06678141519283524,0
1153,1607,0.06723232348673473,0
1154,110,0.12687550697149655,0
1155,893,0.25209510357009546,0
1156,988,0.13008603647419065,0
1157,764,0.3159541995971446,0
1158,764,0.321189903698844,0
1159,391,0.1986654781831781,0
1160,991,0.2582684037289516,0
1161,764,0.44947179698187056,0
1162,1145,0.3922836522941266,0
1163,1140,0.589598934933531,0
1164,1164,0.518486937343062,1
1165,1135,0.3897437364257887,0
1166,1144,0.3917553513617594,0
1167,1165,0.5248393659140774,1
1168,1146,0.3978592543380585,0
1169,1173,0.2629738728682979,1
1170,1170,0.26253518053581454,1
1171,1173,0.39397008831278935,1
1172,991,0.3288959606815559,0
1173,1173,0.32788567525400897,1
1174,970,0.19874638165478795,0
1175,1146,0.19767440378637643,0
1176,1146,0.19911856173281195,0
1177,994,0.1959370947080715,0
1178,994,0.19490368810602063,0
1179,1232,0.19401496647005523,0
1180,725,0.19547707496593428,0
1181,1146,0.2661569550859383,0
1182,982,0.2605246957883677,0
1183,994,0.2618055041968897,0
1184,1186,0.3301513774426357,1
1185,1186,0.4596502386353202,1
1186,1186,0.5306912478042013,1
1187,1187,0.4538135310376424,1
1188,1188,0.3277755109380087,1
1189,1188,0.2606097391684387,1
1190,1192,0.1317847150664214,1
1191,1192,0.13208941261565504,1
1192,1192,0.13267271100254982,1
1193,1237,0.13142881370410026,0
1194,1236,0.2587256813736935,0
1195,126,0.19073116394679773,0
1196,1312,0.1317180001703995,0
1197,1198,0.12914591821001986,1
1198,1200,0.5940465049974538,1
1199,1200,0.9348758597712507,1
1200,1202,0.8661605270414772,1
1201,1202,0.8711516042716492,1
1202,1202,0.868686050075348,1
1203,1202,0.7984560927089044,1
1204,1202,0.6585222818177145,1
1205,1205,0.8563562513176841,1
1206,1205,0.1278617593885663,1
1207,1210,0.13179709495407546,1
1208,1209,0.13121470602826554,1
1209,1208,0.13141526113534807,1
1210,392,0.12494050988149441,0
1211,1211,0.3295263815151941,1
1212,1210,0.19628552014920223,1
1213,1213,0.13148869312012126,1
1214,1214,0.32207603012080716,1
1215,1215,0.13206929094798311,1
1216,1215,0.3945031905653077,1
1217,1217,0.7298198605205645,1
1218,1218,0.9275486785948116,1
1219,1223,0.9098202615490006,1
1220,1220,0.8556501855708011,1
1221,1222,0.9240700956341714,1
1222,1222,0.9268111702039942,1
1223,1223,0.9241744388500528,1
1224,1237,0.9177923942700105,0
1225,1225,0.93114406297052,1
1226,1226,0.927210114523609,1
1227,1228,0.7226810098142702,1
1228,1231,0.7965729975560206,1
1229,1229,0.8554180609105417,1
1230,1230,0.9405005339251941,1
1231,1231,0.9358541256604609,1
1232,1232,0.9413362385584408,1
1233,1233,0.9224168927073866,1
1234,1234,0.931602754210543,1
1235,1231,0.934194379640072,1
1236,1237,0.938376064916816,1
1237,1237,0.9434764302498522,1
1238,1239,0.9235887505435979,1
1239,1240,0.9042248527729558,1
1240,1241,0.9362659336056206,1
1241,1241,0.9336936753970406,1
1242,1242,0.9337241872568539,1
1243,1243,0.8526710235756624,1
1244,1244,0.7803299128365229,1
1245,1240,0.8631377440936571,1
1246,1246,0.8562007718029655,1
1247,1247,0.847346414059474,1
1248,1248,0.45848117131629035,1
1249,1250,0.45746413803156755,1
1250,1250,0.5220478725062707,1
1251,1240,0.7776073039293496,0
1252,1240,0.7212330413655667,0
1253,1254,0.8569470020617975,1
1254,1255,0.910386629559559,1
1255,1255,0.9283652410081116,1
1256,1256,0.8544291072417766,1
1257,1257,0.7894048792157872,1
1258,1258,0.32437242370665315,1
1259,1259,0.261525722262074,1
1260,1240,0.71681581754412,0
1261,1242,0.4581784137879764,0
1262,1319,0.3757529783519842,0
1263,1334,0.19107699189576546,0
1264,1264,0.7080462760876113,1
1265,1265,0.5879700302529678,1
1266,1260,0.519932657793412,0
1267,1241,0.5262021184619113,0
1268,1242,0.7176947586142498,0
1269,1242,0.7772244987455587,0
1270,1241,0.9167694952735613,0
1271,1271,0.9187558394132199,1
1272,1242,0.8408983040542362,0
1273,1239,0.45331861565650244,0
1274,1274,0.5778817006161787,1
1275,1231,0.4546888108950138,0
1276,384,0.7919648566402958,0
1277,1277,0.848915295917461,1
1278,1223,0.7889052067705127,0
1279,10,0.8460023073803855,0
1280,1280,0.925687022187178,1
1281,373,0.9143640681823028,0
1282,1282,0.5807830923962695,1
1283,328,0.7809662901150304,0
1284,1287,0.5825309506478114,1
1285,1285,0.9174932577214541,1
1286,1286,0.7950406735384489,1
1287,1287,0.9198485072201483,1
1288,1288,0.5928007722023761,1
1289,1287,0.649683480666625,1
1290,1290,0.653748290714417,1
1291,1291,0.8544126489368127,1
1292,1292,0.1979191996799941,1
1293,1293,0.5275812104360903,1
1294,1245,0.26105959183542204,0
1295,365,0.3194034558436748,0
1296,1218,0.3248881647057061,0
1297,366,0.6551441401059245,0
1298,369,0.5860209640035399,0
1299,1237,0.8384116847160442,0
1300,725,0.7808739848005289,0
1301,1236,0.76814354620553,0
1302,1302,0.5152766363062301,1
1303,1231,0.26189862507745537,0
1304,1242,0.3913410187486667,0
1305,991,0.12913309412468327,0
1306,1306,0.25970531062052965,1
1307,1307,0.1949639011247016,1
1308,1400,0.13255611275635285,0
1309,1365,0.1283374635535813,0
1310,1232,0.13048336147057807,0
1311,1331,0.13109898796761535,0
1312,1313,0.1328040682300216,1
1313,1313,0.20019156311356268,1
1314,1314,0.13398757522832555,1
1315,1335,0.06743206535307995,0
1316,1519,0.1294982634376832,0
1317,1316,0.37778312869379993,1
1318,1318,0.5056824900059114,1
1319,980,0.39082045057212106,0
1320,1320,0.2632999625006303,1
1321,1274,0.2560034712113972,0
1322,1482,0.19335861477820424,0
1323,1324,0.1919290545247019,1
1324,1324,0.7136395058329298,1
1325,1240,0.1287756889701507,0
1326,1427,0.06751855681756203,0
1327,1327,0.2651475248667513,1
1328,1328,0.13120454482297703,1
1329,1329,0.13272180657763402,1
1330,1330,0.13301507774982688,1
1331,1332,0.1335073585561534,1
1332,1332,0.19789148070098475,1
1333,1333,0.1330127540691444,1
1334,1205,0.1290944045566886,0
1335,885,0.12255885548103451,0
1336,1311,0.06779128219319923,0
1337,1388,0.19531858367272598,0
1338,1390,0.1313932574238787,0
1339,928,0.1302568809289041,0
1340,1287,0.4513802026221948,0
1341,1341,0.19792183249039927,1
1342,1339,0.12998946114556492,1
1343,1343,0.589148449169189,1
1344,1096,0.06698122057003889,0
1345,1345,0.19711149230128971,1
1346,1346,0.2597076984783532,1
1347,1347,0.2586445611072373,1
1348,1350,0.13187566761690303,1
1349,1262,0.1949790184071569,0
1350,1350,0.5302042140514973,1
1351,1351,0.7139756020170809,1
1352,1352,0.45589031727814966,1
1353,1352,0.45120757104119935,1
1354,1352,0.45403120946254444,1
1355,1356,0.5244709771915993,1
1356,1356,0.5260834732858507,1
1357,1357,0.7187340717752869,1
1358,1358,0.19948536038743406,1
1359,988,0.32387672564763414,0
1360,991,0.1957633076415823,0
1361,990,0.25399814426807554,0
1362,1223,0.3081049038335468,0
1363,990,0.1967059543952137,0
1364,131,0.19421828580202913,0
1365,110,0.18542924647986053,0
1366,122,0.25746381869484253,0
1367,333,0.195459212616026,0
1368,475,0.1312373357682837,0
1369,259,0.1960465695917355,0
1370,990,0.13148421708068642,0
1371,1346,0.13267713401570172,0
1372,948,0.18931190765860934,0
1373,1334,0.19233025528867698,0
1374,1375,0.1304256482267099,1
1375,1375,0.19891601917643623,1
1376,1377,0.1324023319935251,1
1377,1380,0.13145165293718447,1
1378,1380,0.26087426789201257,1
1379,1379,0.19608122618899246,1
1380,124,0.18838407829449497,0
1381,1380,0.1961257176617131,1
1382,1382,0.32574711237744886,1
1383,1399,0.13231138932275135,0
1384,1383,0.1946194237873025,1
1385,1392,0.19344292452556244,0
1386,1392,0.19742307926251135,1
1387,1392,0.19787573078609144,1
1388,1387,0.13317143113945434,1
1389,1392,0.19820907566397988,1
1390,1392,0.19799675092615962,1
1391,1393,0.2654321841172644,1
1392,1392,0.32810520532581433,1
1393,1392,0.13219746165609234,1
1394,1393,0.19802748510298634,1
1395,1268,0.1321927796546243,0
1396,1395,0.19733011590967722,1
1397,1399,0.32862347145430526,1
1398,1398,0.7231527289750542,1
1399,1399,0.7851597818620506,1
1400,1400,0.20052383713818503,1
1401,1401,0.33164310799440994,1
1402,1402,0.33221720804830707,1
1403,1403,0.3919683816517888,1
1404,1404,0.5260071633088802,1
1405,430,0.12549043116647193,0
1406,719,0.18998146964561452,0
1407,726,0.12662121872364773,0
1408,1275,0.13077861370584024,0
1409,1408,0.12902396347698206,1
1410,1549,0.06677761858581598,0
1411,232,0.12228595737551427,0
1412,134,0.12932469622833961,0
1413,1275,0.19064585791102126,0
1414,1202,0.12652553285833784,0
1415,900,0.12855093091293532,0
1416,975,0.12962509814529316,0
1417,1284,0.12602562567020392,0
1418,209,0.06684018397666372,0
1419,1202,0.12749907909241376,0
1420,1202,0.19125337423105146,0
1421,762,0.12942989780581543,0
1422,1423,0.13038564327059216,1
1423,1319,0.1311293163123983,0
1424,1268,0.19380060064051227,0
1425,1425,0.19934298601270597,1
1426,1471,0.06680839654961727,0
1427,605,0.1280328441219366,0
1428,128,0.12765758056388815,0
1429,1268,0.19329685270887026,0
1430,605,0.1881225296547869,0
1431,1431,0.13167933650094046,1
1432,1267,0.19720412872375737,0
1433,1231,0.2551199575589401,0
1434,1434,0.06780036254249794,1
1435,1423,0.1281749138606369,0
1436,1284,0.11816856283181588,0
1437,1284,0.18551328910889625,0
1438,462,0.1285979740998385,0
1439,1275,0.13056086850574736,0
1440,1282,0.13021866734424586,0
1441,1341,0.12598782769414668,0
1442,1442,0.19555708157003243,1
1443,1223,0.3086465550810974,0
1444,1444,0.19869628641173273,1
1445,1282,0.1279351961882407,0
1446,975,0.12727681135733906,0
1447,1447,0.13196048719047274,1
1448,1448,0.13356771270447043,1
1449,1450,0.19822915673978816,1
1450,1167,0.19588470596520022,0
1451,1589,0.12893173945666817,0
1452,1154,0.06697624059207273,0
1453,1201,0.18356535918523761,0
1454,1200,0.18531706447163307,0
1455,1201,0.24349881861962958,0
1456,719,0.1856743709236167,0
1457,1550,0.1933455565884678,0
1458,110,0.18959198777883812,0
1459,1222,0.1306864134223039,0
1460,380,0.12771112486212405,0
1461,1040,0.12014029908224359,0
1462,1614,0.12804314686891632,0
1463,1463,0.13231589504623734,1
1464,1464,0.06681801510284321,1
1465,1465,0.13020286894460212,1
1466,894,0.12891470282164566,0
1467,1278,0.13112245375832338,0
1468,1468,0.13302872372493488,1
1469,1469,0.13197622214797816,1
1470,1268,0.19253343458405517,0
1471,1471,0.45818141217582237,1
1472,1607,0.19106868838884325,0
1473,760,0.19454099255174342,0
1474,1474,0.3250522420695982,1
1475,1476,0.25967795010940387,1
1476,1476,0.26210084917534754,1
1477,1476,0.3920119012710671,1
1478,1202,0.1937037071155102,0
1479,1205,0.19261774681791843,0
1480,536,0.06744611364200077,0
1481,1532,0.06694334675446564,0
1482,1349,0.12866935582285594,0
1483,1268,0.12975284922953506,0
1484,986,0.06626470494036811,0
1485,1564,0.06675686988907491,0
1486,1396,0.1295289679788579,0
1487,1380,0.19379868100531386,0
1488,1616,0.13032761078245533,0
1489,1240,0.2479373661790176,0
1490,1601,0.1813229085588796,0
1491,1575,0.1946612085029889,0
1492,1601,0.18259280286719834,0
1493,1037,0.12663534086960232,0
1494,536,0.0672105952995171,0
1495,1268,0.12338022584987739,0
1496,1275,0.12999904366250345,0
1497,1545,0.13123522248377956,0
1498,1550,0.1929309024830172,0
1499,1516,0.1296548497040301,0
1500,1557,0.1311219977549108,0
1501,1228,0.13042015350642872,0
1502,1500,0.1297650914910257,1
1503,1359,0.0673922910868142,0
1504,894,0.1301124174259546,0
1505,133,0.1896551318431012,0
1506,1037,0.13094669284760532,0
1507,1348,0.18764394150645694,0
1508,1508,0.192960886514784,1
1509,1555,0.13022942123361,0
1510,969,0.1296237063391969,0
1511,890,0.19160397901542342,0
1512,1223,0.3161066216198306,0
1513,760,0.25717973672467975,0
1514,395,0.13172426557506384,0
1515,992,0.38622442124328404,0
1516,107,0.25234665393653416,0
1517,981,0.38099605770562944,0
1518,240,0.2629743794974057,0
1519,240,0.3650271731101778,0
1520,653,0.2583486189565222,0
1521,387,0.12715359239309057,0
1522,977,0.1873930646640491,0
1523,975,0.19105921463920303,0
1524,1524,0.19627374906368078,1
1525,988,0.19499593043082472,0
1526,509,0.2597542946354614,0
1527,1345,0.3879641671463862,0
1528,1528,0.5935951800617414,1
1529,996,0.1927860695490166,0
1530,1256,0.25871717602597827,0
1531,988,0.19597990529465442,0
1532,1340,0.1928774586721571,0
1533,583,0.1913134327878503,0
1534,106,0.12878074985608698,0
1535,987,0.13039047258066674,0
1536,991,0.186273445998741,0
1537,1536,0.19217529368355016,1
1538,1537,0.19541775799305094,1
1539,1539,0.25754756274419993,1
1540,125,0.19111930330560054,0
1541,1551,0.1931295749035727,0
1542,1275,0.12573466533542416,0
1543,1621,0.06609685586988022,0
1544,1549,0.13001678441768694,1
1545,1549,0.1314398171393297,1
1546,991,0.19068243494565104,0
1547,1550,0.13289478343447206,1
1548,1551,0.13284924121526173,1
1549,991,0.1883641981699242,0
1550,1551,0.19753808466286185,1
1551,1551,0.2636279023485827,1
1552,1551,0.13080449074994932,1
1553,1235,0.18435160687486496,0
1554,1555,0.13183818776565676,1
1555,1556,0.13189929505373965,1
1556,1556,0.19842553433749574,1
1557,1310,0.18517494653842892,0
1558,991,0.25473456301686037,0
1559,1556,0.3956997796100651,1
1560,991,0.2527323322111835,0
1561,991,0.38288713857227963,0
1562,988,0.3209925832362361,0
1563,891,0.255952920871346,0
1564,1564,0.26260688793458736,1
1565,1450,0.13049418551134556,0
1566,988,0.3220718673595549,0
1567,988,0.3787213559247518,0
1568,991,0.4932136983994241,0
1569,1244,0.1885517377541652,0
1570,1449,0.25936478177810035,0
1571,205,0.18323593453441495,0
1572,988,0.25111229122234874,0
1573,1612,0.12854221877335187,0
1574,1451,0.19244253471555295,0
1575,1572,0.38281361890149707,1
1576,1572,0.5746989953340135,1
1577,1578,0.3877174458603564,1
1578,1578,0.5104786688727885,1
1579,1579,0.19474742169862205,1
1580,610,0.18533382828196204,0
1581,610,0.18770463634299298,0
1582,1201,0.13073861807161083,0
1583,1500,0.1907101286104886,0
1584,1450,0.25334467250110426,0
1585,1616,0.19031801530330997,0
1586,1607,0.12833261769242216,0
1587,1587,0.19626249447503727,1
1588,1589,0.45322290178562524,1
1589,1203,0.19146029868178463,0
1590,1590,0.5236143723776122,1
1591,1579,0.0661222253978651,0
1592,1515,0.130571313030934,0
1593,1235,0.12666214876520782,0
1594,1578,0.06693490742887616,0
1595,1595,0.1329012812719815,1
1596,1596,0.1291747384551951,1
1597,1597,0.5197596153662574,1
1598,1598,0.8005258607644989,1
1599,1599,0.5275797568094625,1
1600,1600,0.8473828206060482,1
1601,1601,0.8600139951581296,1
1602,1602,0.9302823763652439,1
1603,1603,0.928803592165237,1
1604,1604,0.9203898034934674,1
1605,1620,0.7810160638146773,0
1606,1606,0.5816612772770126,1
1607,1604,0.7552213173030926,1
1608,1617,0.7862336310773312,0
1609,1611,0.5856759695213913,1
1610,1611,0.712490210654062,1
1611,1607,0.7146331423108659,1
1612,1617,0.9266000939490997,1
1613,1614,0.7840550795714665,1
1614,1620,0.7124126583675106,1
1615,1615,0.839479912089855,1
1616,1617,0.9085568416186388,1
1617,1621,0.654736186997842,1
1618,1619,0.7833934609374974,1
1619,1614,0.7223506232391503,1
1620,1621,0.660379370553694,1
1621,1616,0.6556048179306682,1
